// This table pasted into App5-4A_SpaceBySpace-T24N_2022.csv,,,,,,,,,,,,,,,,,,,,,,,,,,,,,,,,,,,,,,,,,,,,,,,,,
TABLE SpaceFunctionData,,,,,,,,,,,,,,,,,,,,,,,,,,,,,,,,,,,,,,,,,,,,,,,,,
,FuncType,VentSpcFuncDef,OccDens,OccVentFrac,OccSensHtRt,OccLatHtRt,RecptPwrDens,HotWtrHrlyUsePerPers,BaseWtrHtrType,IntLPDReg,AllowType1,AllowArea1,AllowType2,AllowArea2,AllowType3,AllowArea3,ClgUMLHLimit,HtgUMLHLimit,GasEqpPwrDens,CommRfrgEPD,IllumSetptMin,IllumSetptMax,IllumSetptAdjFacPri,IllumSetptAdjFacSec,FuncSchGrp,OccSchRef,RecptSchRef,HotWtrHtgSchRef,IntLtgRegSchRef,GasEqpSchRef,CommRfrgEqpSchRef,InfSchRef,AvailSchRef,HtgTstatSchRef,ClgTstatSchRef,ElevSchRef,EscalSchRef,WtrHtrTempSetptSchRef,SpcFuncIdx,HlthcareEligible,ExcludeFromPredominantCalc,FuncSchGrpIsEditable,NRCCPRFSpaceFunction,NRCCPRFSpaceFunctionTailored,NRCCPRFSpaceFunctionTailoredRes,PVBatteryBldgType,; ,,
,//SpaceBySpace,,# per 1000 ft²,,Btu / occupant,Btu / occupant,Load W/ft²,Gal/h per person,,W/ft²,,W/ft²,,W/ft²,,W/ft²,Hrs,Hrs,Btu/h-ft2,W/ft2,lux,lux,,,,Occupancy Schedule,Receptacle Schedule,Hot Water Schedule,Regulated Lighting Schedule,Gas Equipment Schedule,Refrigeration Schedule,Infiltration Schedule,Availability Sched,Heating Setpoint Schedule (F),Cooling Setpoint Schedule (F),Elevator Schedule,Escalator Schedule,Water Heater Temperature Setpoint Schedule,Space Function Index,Is Eligible for Healthcare Exemption,Excluded From Predominant Calculation,FuncSchGrp is Editable,Mapping from Spc:SpcFunc to NRCC PRF,Mapping from Spc:SpcFunc to NRCC PRF,Mapping from Spc:SpcFunc to NRCC PRF Tailored IsResCommon = 1,"Bldg types present in 2022 std tables 140.10-A,B",; ,,
,Aging Eye/Low-vision (Corridor Area),General - Corridors,10,0.5,250,250,0,0,Electric,0.7,Decorative/Display,0.3,None,0,None,0,150,150,0,0,50,100,1.5,2,Office,OfficeOccupancy,OfficeReceptacle,OfficeServiceHotWater,OfficeLights,OfficeGasEquip,OfficeRefrigeration,OfficeInfiltration,OfficeHVACAvail,OfficeHtgSetpt,OfficeClgSetpt,OfficeElevator,OfficeEscalator,OfficeWtrHtrSetpt,302,1,1,0,LowVisionCorridorArea,NA,NA,Other,; ,,
,Aging Eye/Low-vision (Dining),Food Service - Cafeteria/fast-food dining,66.67,0.5,275,275,0.5,0.578,Gas,0.8,Decorative/Display,0.3,TunableWhiteOrDimToWarm,0.1,None,0,150,150,0,0.25,50,200,1.5,2,Restaurant,RestaurantOccupancy,RestaurantReceptacle,RestaurantServiceHotWater,RestaurantLights,RestaurantGasEquip,RestaurantRefrigeration,RestaurantInfiltration,RestaurantHVACAvail,RestaurantHtgSetpt,RestaurantClgSetpt,RestaurantElevator,RestaurantEscalator,RestaurantWtrHtrSetpt,303,1,0,0,LowVisionDiningArea,NA,NA,Other,; ,"std tables 140.10-A,B Bldg Type mapping",
,"Aging Eye/Low-vision (Lobby, Main Entry)",Office - Main entry lobbies,66.67,0.5,250,250,0.5,0.09,Electric,0.85,Decorative/Display,0.3,TransitionLightingOffAtNight,0.95,TunableWhiteOrDimToWarm,0.1,150,150,0,0,50,200,1.5,2,Assembly,AssemblyOccupancy,AssemblyReceptacle,AssemblyServiceHotWater,AssemblyLights,AssemblyGasEquip,AssemblyRefrigeration,AssemblyInfiltration,AssemblyHVACAvail,AssemblyHtgSetpt,AssemblyClgSetpt,AssemblyElevator,AssemblyEscalator,AssemblyWtrHtrSetpt,304,1,0,0,LowVisionLobbyMainEntry,NA,NA,Other,; ,Grocery,Grocery
,Aging Eye/Low-vision (Lounge/Waiting Area),General - Break rooms,66.67,0.5,275,275,1,0.09,Gas,0.8,Decorative/Display,0.3,TunableWhiteOrDimToWarm,0.1,None,0,150,150,0,0,40,300,1.5,2,Assembly,AssemblyOccupancy,AssemblyReceptacle,AssemblyServiceHotWater,AssemblyLights,AssemblyGasEquip,AssemblyRefrigeration,AssemblyInfiltration,AssemblyHVACAvail,AssemblyHtgSetpt,AssemblyClgSetpt,AssemblyElevator,AssemblyEscalator,AssemblyWtrHtrSetpt,305,1,0,0,LowVisionWaitingArea,NA,NA,Other,; ,Highrise Multifamily,Highrise Multifamily
,Aging Eye/Low-vision (Multipurpose Room),General - Conference/meeting,66.67,0.5,245,155,1,0.09,Electric,0.85,Decorative/Display,0.3,TunableWhiteOrDimToWarm,0.1,None,0,150,150,0,0,30,300,1.5,2,Assembly,AssemblyOccupancy,AssemblyReceptacle,AssemblyServiceHotWater,AssemblyLights,AssemblyGasEquip,AssemblyRefrigeration,AssemblyInfiltration,AssemblyHVACAvail,AssemblyHtgSetpt,AssemblyClgSetpt,AssemblyElevator,AssemblyEscalator,AssemblyWtrHtrSetpt,306,1,0,0,LowVisionMultipurposeRoom,NA,NA,Other,; ,"Office, Financial, Unleased Tenant","Office, Financial Institutions, Unleased Tenant Space"
,Aging Eye/Low-vision (Religious Worship Area),Assembly - Places of religious worship,142.86,0.5,245,105,0.5,0.09,Electric,1,Decorative/Display,0.3,TunableWhiteOrDimToWarm,0.1,None,0,150,150,0,0,200,1500,1.5,2,Assembly,AssemblyOccupancy,AssemblyReceptacle,AssemblyServiceHotWater,AssemblyLights,AssemblyGasEquip,AssemblyRefrigeration,AssemblyInfiltration,AssemblyHVACAvail,AssemblyHtgSetpt,AssemblyClgSetpt,AssemblyElevator,AssemblyEscalator,AssemblyWtrHtrSetpt,307,1,0,0,LowVisionReligiousWorshipArea,NA,NA,Other,; ,Retail,Retail
,Aging Eye/Low-vision (Restroom),"Exhaust - Toilets, public",10,0.5,250,250,0,0,Gas,1,Decorative/Display,0.2,None,0,None,0,150,150,0,0,50,100,1.5,2,Office,OfficeOccupancy,OfficeReceptacle,OfficeServiceHotWater,OfficeLights,OfficeGasEquip,OfficeRefrigeration,OfficeInfiltration,OfficeHVACAvail,OfficeHtgSetpt,OfficeClgSetpt,OfficeElevator,OfficeEscalator,OfficeWtrHtrSetpt,308,1,1,0,LowVisionRestroom,NA,NA,Other,; ,School,School
,Aging Eye/Low-vision (Stairwell),General - Corridors,10,0.5,250,250,0,0,Electric,0.8,Decorative/Display,0.3,None,0,None,0,150,150,0,0,50,100,1.5,2,Office,OfficeOccupancy,OfficeReceptacle,OfficeServiceHotWater,OfficeLights,OfficeGasEquip,OfficeRefrigeration,OfficeInfiltration,OfficeHVACAvail,OfficeHtgSetpt,OfficeClgSetpt,OfficeElevator,OfficeEscalator,OfficeWtrHtrSetpt,309,1,1,0,LowVisionStairwell,NA,NA,Other,; ,Warehouse,Warehouse
,Audience Seating Area,Assembly - Auditorium seating area,142.86,0.5,245,105,1,0.09,Electric,0.5,Decorative/Display,0.25,None,0,None,0,150,150,0,0,50,1000,1.5,2,Assembly,AssemblyOccupancy,AssemblyReceptacle,AssemblyServiceHotWater,AssemblyLights,AssemblyGasEquip,AssemblyRefrigeration,AssemblyInfiltration,AssemblyHVACAvail,AssemblyHtgSetpt,AssemblyClgSetpt,AssemblyElevator,AssemblyEscalator,AssemblyWtrHtrSetpt,310,1,0,0,AudienceSeatingArea,NA,NA,Other,; ,Other,"Auditorium, Convention Center, Hotel/Motel, Library, Medical Office Building/Clinic, Restaurant, Theater"
,Auditorium Area,Assembly - Auditorium seating area,142.86,0.5,245,105,1,0.09,Electric,0.7,Decorative/Display,0.45,None,0,None,0,150,150,0,0,50,1000,1.5,2,Assembly,AssemblyOccupancy,AssemblyReceptacle,AssemblyServiceHotWater,AssemblyLights,AssemblyGasEquip,AssemblyRefrigeration,AssemblyInfiltration,AssemblyHVACAvail,AssemblyHtgSetpt,AssemblyClgSetpt,AssemblyElevator,AssemblyEscalator,AssemblyWtrHtrSetpt,311,1,0,0,AuditoriumArea,AuditoriumArea,NA,Other,; ,,
,Auto Repair / Maintenance Area,Exhaust - Auto repair rooms,10,0.5,275,475,1,0.18,Gas,0.55,DetailedTaskWork,0.2,None,0,None,0,150,150,0.75064,0,200,1500,1.5,2,Manufacturing,ManufacturingOccupancy,ManufacturingReceptacle,ManufacturingServiceHotWater,ManufacturingLights,ManufacturingGasEquip,ManufacturingRefrigeration,ManufacturingInfiltration,ManufacturingHVACAvail,ManufacturingHtgSetpt,ManufacturingClgSetpt,ManufacturingElevator,ManufacturingEscalator,ManufacturingWtrHtrSetpt,312,1,0,0,AutoRepairArea,NA,NA,Retail,; ,,Grn highlight => updates from NORESCO/RH 04/21/22
,"Barber, Beauty Salon, Spa Area",Retail - Beauty and nail salons,10,0.5,250,200,2,0.18,Gas,0.7,DetailedTaskWork,0.3,Decorative/Display,0.25,None,0,150,150,0,0,500,500,1.5,2,Retail,RetailOccupancy,RetailReceptacle,RetailServiceHotWater,RetailLights,RetailGasEquip,RetailRefrigeration,RetailInfiltration,RetailHVACAvail,RetailHtgSetpt,RetailClgSetpt,RetailElevator,RetailEscalator,RetailWtrHtrSetpt,313,1,0,0,BeautySalonArea,NA,NA,Retail,; ,,
,Civic Meeting Place Area,Assembly - Legislative chambers,66.67,0.5,250,200,1.5,0.18,Electric,0.9,Decorative/Display,0.25,None,0,None,0,150,150,0,0,30,300,1.5,2,Assembly,AssemblyOccupancy,AssemblyReceptacle,AssemblyServiceHotWater,AssemblyLights,AssemblyGasEquip,AssemblyRefrigeration,AssemblyInfiltration,AssemblyHVACAvail,AssemblyHtgSetpt,AssemblyClgSetpt,AssemblyElevator,AssemblyEscalator,AssemblyWtrHtrSetpt,314,1,0,0,CivicMeetingPlaceArea,NA,NA,Other,; ,,
,"Classroom, Lecture, Training, Vocational Areas",Education - Classrooms (ages 9-18),50,0.5,245,155,1,0.18,Gas,0.6,WhiteOrChalkBoard (W/ft),7,None,0,None,0,150,150,0,0,50,500,1.5,2,School,SchoolOccupancy,SchoolReceptacle,SchoolServiceHotWater,SchoolLights,SchoolGasEquip,SchoolRefrigeration,SchoolInfiltration,SchoolHVACAvail,SchoolHtgSetpt,SchoolClgSetpt,SchoolElevator,SchoolEscalator,SchoolWtrHtrSetpt,315,1,0,0,ClassroomLectureTrainingVocationalArea,NA,NA,School,; ,,
,Computer Room,Misc - Computer (not printing),3,0.5,275,475,0,0.18,Electric,0.7,None,0,None,0,None,0,150,150,0,0,75,300,1,4,Data,DataOccupancy,DataReceptacle,DataServiceHotWater,DataLights,DataGasEquip,DataRefrigeration,DataInfiltration,DataHVACAvail,DataHtgSetpt,DataClgSetpt,DataElevator,DataEscalator,DataWtrHtrSetpt,316,0,1,0,ComputerRoom,NA,NA,"Office, Financial, Unleased Tenant",; ,Computer Room,
,Concourse and Atria Area,Retail - Mall common areas,33.33,0.5,250,250,0.5,0.18,Electric,0.6,Decorative/Display,0.25,None,0,None,0,150,150,0,0,100,300,1.5,2,Retail,RetailOccupancy,RetailReceptacle,RetailServiceHotWater,RetailLights,RetailGasEquip,RetailRefrigeration,RetailInfiltration,RetailHVACAvail,RetailHtgSetpt,RetailClgSetpt,RetailElevator,RetailEscalator,RetailWtrHtrSetpt,317,1,1,0,MallAndAtria,NA,NA,Other,; ,,
,"Convention, Conference, Multipurpose and Meeting Area",General - Conference/meeting,66.67,0.5,245,155,1,0.09,Electric,0.75,Decorative/Display,0.25,None,0,None,0,150,150,0,0,30,300,1.5,2,Assembly,AssemblyOccupancy,AssemblyReceptacle,AssemblyServiceHotWater,AssemblyLights,AssemblyGasEquip,AssemblyRefrigeration,AssemblyInfiltration,AssemblyHVACAvail,AssemblyHtgSetpt,AssemblyClgSetpt,AssemblyElevator,AssemblyEscalator,AssemblyWtrHtrSetpt,318,1,0,1,ConventionConferenceMultipurposeMeetingCenterArea,MultipurposeArea,MultipurposeAreaMF,Other,; ,,
,Copy Room,"Exhaust - Copy, printing rooms",10,0.5,250,250,1,0.18,Electric,0.5,None,0,None,0,None,0,8760,8760,0,0,75,500,1.5,2,Office,OfficeOccupancy,OfficeReceptacle,OfficeServiceHotWater,OfficeLights,OfficeGasEquip,OfficeRefrigeration,OfficeInfiltration,OfficeHVACAvail,OfficeHtgSetpt,OfficeClgSetpt,OfficeElevator,OfficeEscalator,OfficeWtrHtrSetpt,319,1,0,1,CopyRoom,NA,NA,"Office, Financial, Unleased Tenant",; ,,
,Corridor Area,General - Corridors,10,0.5,250,250,0,0,Electric,0.4,Decorative/Display,0.25,None,0,None,0,8760,8760,0,0,50,100,1.5,2,Office,OfficeOccupancy,OfficeReceptacle,OfficeServiceHotWater,OfficeLights,OfficeGasEquip,OfficeRefrigeration,OfficeInfiltration,OfficeHVACAvail,OfficeHtgSetpt,OfficeClgSetpt,OfficeElevator,OfficeEscalator,OfficeWtrHtrSetpt,320,1,1,0,CorridorArea,NA,NA,Other,; ,,
,Dining Area (Bar/Lounge and Fine Dining),Food Service - Restaurant dining rooms,66.67,0.5,275,275,0.5,0.578,Gas,0.45,Decorative/Display,0.35,None,0,None,0,150,150,0,0,50,200,1.5,2,Restaurant,RestaurantOccupancy,RestaurantReceptacle,RestaurantServiceHotWater,RestaurantLights,RestaurantGasEquip,RestaurantRefrigeration,RestaurantInfiltration,RestaurantHVACAvail,RestaurantHtgSetpt,RestaurantClgSetpt,RestaurantElevator,RestaurantEscalator,RestaurantWtrHtrSetpt,321,1,0,0,BarLoungeFineDiningArea,DiningArea,DiningAreaMF,Other,; ,,
,Dining Area (Cafeteria/Fast Food),Food Service - Cafeteria/fast-food dining,66.67,0.5,275,275,0.5,0.578,Gas,0.45,Decorative/Display,0.25,None,0,None,0,150,150,0,0.25,50,200,1.5,2,Restaurant,RestaurantOccupancy,RestaurantReceptacle,RestaurantServiceHotWater,RestaurantLights,RestaurantGasEquip,RestaurantRefrigeration,RestaurantInfiltration,RestaurantHVACAvail,RestaurantHtgSetpt,RestaurantClgSetpt,RestaurantElevator,RestaurantEscalator,RestaurantWtrHtrSetpt,322,1,0,1,FastfoodDining,DiningArea,DiningAreaMF,Other,; ,,
,Dining Area (Family and Leisure),Food Service - Cafeteria/fast-food dining,66.67,0.5,275,275,0.5,0.578,Gas,0.4,Decorative/Display,0.25,None,0,None,0,150,150,0,0.25,50,200,1.5,2,Restaurant,RestaurantOccupancy,RestaurantReceptacle,RestaurantServiceHotWater,RestaurantLights,RestaurantGasEquip,RestaurantRefrigeration,RestaurantInfiltration,RestaurantHVACAvail,RestaurantHtgSetpt,RestaurantClgSetpt,RestaurantElevator,RestaurantEscalator,RestaurantWtrHtrSetpt,323,1,0,0,FamilyDiningArea,DiningArea,DiningAreaMF,Other,; ,,
,"Electrical, Mechanical, Telephone Rooms",Misc - Telephone closets,3,0.5,250,250,3,0.18,Electric,0.4,DetailedTaskWork,0.2,None,0,None,0,8760,8760,0,0,200,200,1,4,Warehouse,WarehouseOccupancy,WarehouseReceptacle,WarehouseServiceHotWater,WarehouseLights,WarehouseGasEquip,WarehouseRefrigeration,WarehouseInfiltration,WarehouseHVACAvail,WarehouseHtgSetpt,WarehouseClgSetpt,WarehouseElevator,WarehouseEscalator,WarehouseWtrHtrSetpt,324,1,1,0,ElectricalMechancialTelephoneRoom,NA,NA,"Office, Financial, Unleased Tenant",; ,,
,Exercise/Fitness Center and Gymnasium Areas,"Sports/Entertainment - Gym, sports arena (play area)",20,0.5,255,875,0.5,0.18,Gas,0.5,None,0,None,0,None,0,150,150,0,0,150,400,1.5,2,Retail,RetailOccupancy,RetailReceptacle,RetailServiceHotWater,RetailLights,RetailGasEquip,RetailRefrigeration,RetailInfiltration,RetailHVACAvail,RetailHtgSetpt,RetailClgSetpt,RetailElevator,RetailEscalator,RetailWtrHtrSetpt,325,1,0,1,ExerciseCenterGymnasiumArea,NA,NA,Retail,; ,,
,Financial Transaction Area,Misc - Banks or bank lobbies,10,0.5,250,250,1.5,0.18,Electric,0.7,Decorative/Display,0.25,None,0,None,0,150,150,0,0,100,300,1.5,2,Office,OfficeOccupancy,OfficeReceptacle,OfficeServiceHotWater,OfficeLights,OfficeGasEquip,OfficeRefrigeration,OfficeInfiltration,OfficeHVACAvail,OfficeHtgSetpt,OfficeClgSetpt,OfficeElevator,OfficeEscalator,OfficeWtrHtrSetpt,326,1,0,0,FinancialTransactionsArea,NA,NA,"Office, Financial, Unleased Tenant",; ,,
,Healthcare Facility and Hospitals (Exam/Treatment Room),Misc - All others,10,0.5,250,200,1.5,0.24,Electric,1.15,None,0,None,0,None,0,150,150,1.12596,0,300,3000,1.5,2,Health,HealthOccupancy,HealthReceptacle,HealthServiceHotWater,HealthLights,HealthGasEquip,HealthRefrigeration,HealthInfiltration,HealthHVACAvail,HealthHtgSetpt,HealthClgSetpt,HealthElevator,HealthEscalator,HealthWtrHtrSetpt,327,1,0,0,HospitalExamTreatment,NA,NA,Other,; ,,
,Healthcare Facility and Hospitals (Imaging Room),Misc - All others,10,0.5,250,200,1.5,0.24,Gas,0.6,Decorative/Display,0.2,TunableWhiteOrDimToWarm,0.1,None,0,150,150,0,0,75,500,1.5,2,Health,HealthOccupancy,HealthReceptacle,HealthServiceHotWater,HealthLights,HealthGasEquip,HealthRefrigeration,HealthInfiltration,HealthHVACAvail,HealthHtgSetpt,HealthClgSetpt,HealthElevator,HealthEscalator,HealthWtrHtrSetpt,328,1,0,0,HospitalImaging,NA,NA,Other,; ,,
,Healthcare Facility and Hospitals (Medical Supply Room),Misc - All others,10,0.5,250,200,1.5,0.24,Gas,0.55,None,0,None,0,None,0,150,150,0,0,50,300,1.5,2,Health,HealthOccupancy,HealthReceptacle,HealthServiceHotWater,HealthLights,HealthGasEquip,HealthRefrigeration,HealthInfiltration,HealthHVACAvail,HealthHtgSetpt,HealthClgSetpt,HealthElevator,HealthEscalator,HealthWtrHtrSetpt,329,1,0,0,HospitalMedicalSupply,NA,NA,Other,; ,,
,Healthcare Facility and Hospitals (Nursery),Misc - All others,10,0.5,250,200,1.5,0.24,Gas,0.8,TunableWhiteOrDimToWarm,0.1,None,0,None,0,150,150,0,0,20,200,1.5,2,Health,HealthOccupancy,HealthReceptacle,HealthServiceHotWater,HealthLights,HealthGasEquip,HealthRefrigeration,HealthInfiltration,HealthHVACAvail,HealthHtgSetpt,HealthClgSetpt,HealthElevator,HealthEscalator,HealthWtrHtrSetpt,330,1,0,0,HospitalNursery,NA,NA,Other,; ,,
,Healthcare Facility and Hospitals (Nurse's Station),Misc - All others,10,0.5,250,200,1.5,0.24,Gas,0.85,TunableWhiteOrDimToWarm,0.1,DetailedTaskWork,0.2,None,0,150,150,0,0,75,500,1.5,2,Health,HealthOccupancy,HealthReceptacle,HealthServiceHotWater,HealthLights,HealthGasEquip,HealthRefrigeration,HealthInfiltration,HealthHVACAvail,HealthHtgSetpt,HealthClgSetpt,HealthElevator,HealthEscalator,HealthWtrHtrSetpt,331,1,0,0,HospitalNurseStation,NA,NA,none,; ,,
,Healthcare Facility and Hospitals (Operating Room),Misc - All others,10,0.5,250,200,1.5,0.24,Gas,1.9,None,0,None,0,None,0,150,150,0,0,300,3000,1.5,2,Health,HealthOccupancy,HealthReceptacle,HealthServiceHotWater,HealthLights,HealthGasEquip,HealthRefrigeration,HealthInfiltration,HealthHVACAvail,HealthHtgSetpt,HealthClgSetpt,HealthElevator,HealthEscalator,HealthWtrHtrSetpt,332,1,0,0,HospitalOperatingRoom,NA,NA,none,; ,,
,Healthcare Facility and Hospitals (Patient Room),Misc - All others,10,0.5,250,200,1.5,0.24,Gas,0.7,Decorative/Display,0.15,TunableWhiteOrDimToWarm,0.1,None,0,150,150,0,0,20,200,1.5,2,Health,HealthOccupancy,HealthReceptacle,HealthServiceHotWater,HealthLights,HealthGasEquip,HealthRefrigeration,HealthInfiltration,HealthHVACAvail,HealthHtgSetpt,HealthClgSetpt,HealthElevator,HealthEscalator,HealthWtrHtrSetpt,333,1,0,0,HospitalPatientRoom,NA,NA,none,; ,,
,Healthcare Facility and Hospitals (Physical Therapy Room),Misc - All others,10,0.5,250,200,1.5,0.24,Electric,0.75,TunableWhiteOrDimToWarm,0.1,None,0,None,0,150,150,0,0,75,500,1.5,2,Health,HealthOccupancy,HealthReceptacle,HealthServiceHotWater,HealthLights,HealthGasEquip,HealthRefrigeration,HealthInfiltration,HealthHVACAvail,HealthHtgSetpt,HealthClgSetpt,HealthElevator,HealthEscalator,HealthWtrHtrSetpt,334,1,0,0,HospitalPhysicalTherapy,NA,NA,Other,; ,,
,Healthcare Facility and Hospitals (Recovery Room),Misc - All others,10,0.5,250,200,1.5,0.24,Gas,0.9,TunableWhiteOrDimToWarm,0.1,None,0,None,0,150,150,0,0,20,200,1.5,2,Health,HealthOccupancy,HealthReceptacle,HealthServiceHotWater,HealthLights,HealthGasEquip,HealthRefrigeration,HealthInfiltration,HealthHVACAvail,HealthHtgSetpt,HealthClgSetpt,HealthElevator,HealthEscalator,HealthWtrHtrSetpt,335,1,0,0,HospitalRecovery,NA,NA,none,; ,,
,High-Rise Residential Living Spaces,NA,5,0.5,245,155,0.5,RULE Spc:DwellingUnitXGalPerDay,Gas,na,None,0,None,0,None,0,150,150,0.6824,0,20,200,1.5,2,ResidentialLiving,ResidentialLivingOccupancy,ResidentialLivingReceptacle,ResidentialLivingServiceHotWater,ResidentialLivingLights,ResidentialLivingGasEquip,ResidentialLivingRefrigeration,ResidentialLivingInfiltration,ResidentialLivingHVACAvail,ResidentialLivingHtgSetpt,ResidentialLivingClgSetpt,ResidentialLivingElevator,ResidentialLivingEscalator,ResidentialLivingWtrHtrSetpt,336,0,1,0,HighRiseResidentialLivingSpace,NA,NA,Highrise Multifamily,; ,High-Rise Residential Living Spaces,
,Hotel Function Area,Lodging - Multipurpose assembly,142.86,0.5,250,200,0.5,0.096,Gas,0.85,Decorative/Display,0.25,None,0,None,0,150,150,0,0,50,300,1.5,2,Assembly,AssemblyOccupancy,AssemblyReceptacle,AssemblyServiceHotWater,AssemblyLights,AssemblyGasEquip,AssemblyRefrigeration,AssemblyInfiltration,AssemblyHVACAvail,AssemblyHtgSetpt,AssemblyClgSetpt,AssemblyElevator,AssemblyEscalator,AssemblyWtrHtrSetpt,337,0,0,0,HotelFunctionArea,HotelBallroomEventsArea,NA,Other,; ,Hotel Function Area,
,Hotel/Motel Guest Room,Lodging - Bedroom/living room,5,0.5,245,155,0.5,4.48,Gas,na,None,0,None,0,None,0,150,150,0,0,20,200,1.5,2,ResidentialLiving,ResidentialLivingOccupancy,ResidentialLivingReceptacle,ResidentialLivingServiceHotWater,ResidentialLivingLights,ResidentialLivingGasEquip,ResidentialLivingRefrigeration,ResidentialLivingInfiltration,ResidentialLivingHVACAvail,ResidentialLivingHtgSetpt,ResidentialLivingClgSetpt,ResidentialLivingElevator,ResidentialLivingEscalator,ResidentialLivingWtrHtrSetpt,338,0,0,0,HotelMotelGuestRoom,NA,NA,Other,; ,Hotel/Motel Guest Room,
,Kitchen/Food Preparation Area,Food Service - Kitchen (cooking),5,0.5,275,475,1.5,0.578,Gas,0.95,None,0,None,0,None,0,150,150,17.53768,1.12,100,500,1.5,2,Restaurant,RestaurantOccupancy,RestaurantReceptacle,RestaurantServiceHotWater,RestaurantLights,RestaurantGasEquip,RestaurantRefrigeration,RestaurantInfiltration,RestaurantHVACAvail,RestaurantHtgSetpt,RestaurantClgSetpt,RestaurantElevator,RestaurantEscalator,RestaurantWtrHtrSetpt,339,1,0,1,KitchenCommercialFoodPreparation,NA,NA,Other,; ,,
,Kitchenette or Residential Kitchen,Exhaust - Kitchenettes,5,0.5,275,475,1,0.36,Gas,0.55,None,0,None,0,None,0,150,150,3,0.5,100,500,1.5,2,Office,OfficeOccupancy,OfficeReceptacle,OfficeServiceHotWater,OfficeLights,OfficeGasEquip,OfficeRefrigeration,OfficeInfiltration,OfficeHVACAvail,OfficeHtgSetpt,OfficeClgSetpt,OfficeElevator,OfficeEscalator,OfficeWtrHtrSetpt,340,1,0,0,KitchenetteResidentialKitchen,NA,NA,Other,; ,,
,"Laboratory, Scientific",Education - University/college laboratories,10,0.5,250,200,2,0.18,Gas,0.9,SpecializedTaskWork,0.35,None,0,None,0,150,150,12.69264,0.28,500,1000,1.5,2,Laboratory,LaboratoryOccupancy,LaboratoryReceptacle,LaboratoryServiceHotWater,LaboratoryLights,LaboratoryGasEquip,LaboratoryRefrigeration,LaboratoryInfiltration,LaboratoryHVACAvail,LaboratoryHtgSetpt,LaboratoryClgSetpt,LaboratoryElevator,LaboratoryEscalator,LaboratoryWtrHtrSetpt,341,1,1,0,LaboratoryScientific,NA,NA,none,; ,,
,Laundry Area,"Lodging - Laundry rooms, central",10,0.5,250,250,3,0.578,Gas,0.45,None,0,None,0,None,0,8760,8760,0.75064,0,100,300,1.5,2,ResidentialCommon,ResidentialCommonOccupancy,ResidentialCommonReceptacle,ResidentialCommonServiceHotWater,ResidentialCommonLights,ResidentialCommonGasEquip,ResidentialCommonRefrigeration,ResidentialCommonInfiltration,ResidentialCommonHVACAvail,ResidentialCommonHtgSetpt,ResidentialCommonClgSetpt,ResidentialCommonElevator,ResidentialCommonEscalator,ResidentialCommonWtrHtrSetpt,342,1,0,1,Laundry,NA,NA,Highrise Multifamily,; ,,
,Library (Reading Area),Assembly - Libraries (reading rooms and stack areas),20,0.5,250,200,1.5,0.18,Electric,0.8,Decorative/Display,0.25,None,0,None,0,150,150,0,0,150,500,1.5,2,Office,OfficeOccupancy,OfficeReceptacle,OfficeServiceHotWater,OfficeLights,OfficeGasEquip,OfficeRefrigeration,OfficeInfiltration,OfficeHVACAvail,OfficeHtgSetpt,OfficeClgSetpt,OfficeElevator,OfficeEscalator,OfficeWtrHtrSetpt,343,1,0,0,LibraryReadingArea,NA,NA,Other,; ,,
,Library (Stacks Area),Assembly - Libraries (reading rooms and stack areas),10,0.5,250,200,1.5,0.18,Electric,1,None,0,None,0,None,0,150,150,0,0,200,300,1,4,Office,OfficeOccupancy,OfficeReceptacle,OfficeServiceHotWater,OfficeLights,OfficeGasEquip,OfficeRefrigeration,OfficeInfiltration,OfficeHVACAvail,OfficeHtgSetpt,OfficeClgSetpt,OfficeElevator,OfficeEscalator,OfficeWtrHtrSetpt,344,1,0,0,LibraryStacks,NA,NA,Other,; ,,
,"Lobby, Main Entry",Office - Main entry lobbies,66.67,0.5,250,250,0.5,0.09,Electric,0.7,Decorative/Display,0.25,None,0,None,0,150,150,0,0,50,200,1.5,2,Assembly,AssemblyOccupancy,AssemblyReceptacle,AssemblyServiceHotWater,AssemblyLights,AssemblyGasEquip,AssemblyRefrigeration,AssemblyInfiltration,AssemblyHVACAvail,AssemblyHtgSetpt,AssemblyClgSetpt,AssemblyElevator,AssemblyEscalator,AssemblyWtrHtrSetpt,345,1,0,1,LobbyMainEntry,MainEntryLobby,MainEntryLobbyMF,Other,; ,,
,Locker Room,Exhaust - Locker rooms for athletic or industrial facilities,20,0.5,255,475,0.5,0.578,Gas,0.45,None,0,None,0,None,0,8760,8760,0,0,20,200,1,4,Assembly,AssemblyOccupancy,AssemblyReceptacle,AssemblyServiceHotWater,AssemblyLights,AssemblyGasEquip,AssemblyRefrigeration,AssemblyInfiltration,AssemblyHVACAvail,AssemblyHtgSetpt,AssemblyClgSetpt,AssemblyElevator,AssemblyEscalator,AssemblyWtrHtrSetpt,346,1,0,1,LockerDressingRoom,NA,NA,Other,; ,,
,"Lounge, Breakroom, or Waiting Area",General - Break rooms,66.67,0.5,275,275,1,0.09,Gas,0.55,Decorative/Display,0.25,None,0,None,0,150,150,0,0,40,300,1.5,2,Assembly,AssemblyOccupancy,AssemblyReceptacle,AssemblyServiceHotWater,AssemblyLights,AssemblyGasEquip,AssemblyRefrigeration,AssemblyInfiltration,AssemblyHVACAvail,AssemblyHtgSetpt,AssemblyClgSetpt,AssemblyElevator,AssemblyEscalator,AssemblyWtrHtrSetpt,347,1,1,0,LoungeBreakRoom,NA,NA,Other,; ,,
,"Manufacturing, Commercial & Industrial Work Area (Low Bay)",Misc - General manufacturing (excludes heavy industrial and process using chemicals),10,0.5,275,475,1,0.18,Gas,0.6,DetailedTaskWork,0.2,None,0,None,0,150,150,0,0,300,1000,1.5,2,Manufacturing,ManufacturingOccupancy,ManufacturingReceptacle,ManufacturingServiceHotWater,ManufacturingLights,ManufacturingGasEquip,ManufacturingRefrigeration,ManufacturingInfiltration,ManufacturingHVACAvail,ManufacturingHtgSetpt,ManufacturingClgSetpt,ManufacturingElevator,ManufacturingEscalator,ManufacturingWtrHtrSetpt,348,1,0,0,GeneralCommercialIndustrialWorkAreaLowBay,NA,NA,none,; ,,
,"Manufacturing, Commercial & Industrial Work Area (High Bay)",Misc - General manufacturing (excludes heavy industrial and process using chemicals),10,0.5,275,475,1,0.18,Gas,0.65,DetailedTaskWork,0.2,None,0,None,0,150,150,0,0,300,1000,1.5,2,Manufacturing,ManufacturingOccupancy,ManufacturingReceptacle,ManufacturingServiceHotWater,ManufacturingLights,ManufacturingGasEquip,ManufacturingRefrigeration,ManufacturingInfiltration,ManufacturingHVACAvail,ManufacturingHtgSetpt,ManufacturingClgSetpt,ManufacturingElevator,ManufacturingEscalator,ManufacturingWtrHtrSetpt,349,1,0,0,GeneralCommercialIndustrialWorkAreaHighBay,NA,NA,none,; ,,
,"Manufacturing, Commercial & Industrial Work Area (Precision)",Misc - General manufacturing (excludes heavy industrial and process using chemicals),10,0.5,250,200,1,0.18,Gas,0.85,PrecisionWork,0.7,None,0,None,0,150,150,0,0,1000,3000,1.5,2,Manufacturing,ManufacturingOccupancy,ManufacturingReceptacle,ManufacturingServiceHotWater,ManufacturingLights,ManufacturingGasEquip,ManufacturingRefrigeration,ManufacturingInfiltration,ManufacturingHVACAvail,ManufacturingHtgSetpt,ManufacturingClgSetpt,ManufacturingElevator,ManufacturingEscalator,ManufacturingWtrHtrSetpt,350,1,0,0,GeneralCommercialIndustrialWorkAreaPrecision,NA,NA,none,; ,,
,Museum Area (Exhibition/Display),Assembly - Museums/galleries,66.67,0.5,250,250,1.5,0.09,Electric,0.6,Decorative/Display,0.45,None,0,None,0,150,150,0,0,150,500,1.5,2,Assembly,AssemblyOccupancy,AssemblyReceptacle,AssemblyServiceHotWater,AssemblyLights,AssemblyGasEquip,AssemblyRefrigeration,AssemblyInfiltration,AssemblyHVACAvail,AssemblyHtgSetpt,AssemblyClgSetpt,AssemblyElevator,AssemblyEscalator,AssemblyWtrHtrSetpt,351,1,0,0,ExhibitMuseumArea,ExhibitMuseumArea,NA,none,; ,,
,Museum Area (Restoration Room),Misc - General manufacturing (excludes heavy industrial and process using chemicals),10,0.5,250,250,1.5,0.18,Electric,0.7,DetailedTaskWork,0.35,None,0,None,0,150,150,0,0,150,500,1.5,2,Assembly,AssemblyOccupancy,AssemblyReceptacle,AssemblyServiceHotWater,AssemblyLights,AssemblyGasEquip,AssemblyRefrigeration,AssemblyInfiltration,AssemblyHVACAvail,AssemblyHtgSetpt,AssemblyClgSetpt,AssemblyElevator,AssemblyEscalator,AssemblyWtrHtrSetpt,352,1,0,0,MuseumRestoration,NA,NA,none,; ,,
,Office Area (>250 square feet),Office - Office space,10,0.5,250,200,1.5,0.18,Electric,0.6,Decorative/Display&PortableLightingForOffice,0.2,None,0,None,0,150,150,0,0,75,500,1,4,Office,OfficeOccupancy,OfficeReceptacle,OfficeServiceHotWater,OfficeLights,OfficeGasEquip,OfficeRefrigeration,OfficeInfiltration,OfficeHVACAvail,OfficeHtgSetpt,OfficeClgSetpt,OfficeElevator,OfficeEscalator,OfficeWtrHtrSetpt,353,1,0,0,OfficeGreaterThan250Ft,NA,NA,"Office, Financial, Unleased Tenant",; ,,
,Office Area (<250 square feet),Office - Office space,10,0.5,250,200,1.5,0.18,Electric,0.65,Decorative/Display&PortableLightingForOffice,0.2,None,0,None,0,150,150,0,0,75,500,1.5,2,Office,OfficeOccupancy,OfficeReceptacle,OfficeServiceHotWater,OfficeLights,OfficeGasEquip,OfficeRefrigeration,OfficeInfiltration,OfficeHVACAvail,OfficeHtgSetpt,OfficeClgSetpt,OfficeElevator,OfficeEscalator,OfficeWtrHtrSetpt,354,1,0,0,Office250FtOrLess,NA,NA,"Office, Financial, Unleased Tenant",; ,,
,Parking Garage Area (Parking Zone and Ramps),Exhaust - Parking garages,5,0.5,250,200,0,0,Electric,0.1,FirstATM/TicketMachine (W),100,AdditionalATM/TicketMachine (50 W each),50,None,0,8760,8760,0,0,10,40,1.5,2,Parking,ParkingOccupancy,ParkingReceptacle,ParkingServiceHotWater,ParkingLights,ParkingGasEquip,ParkingRefrigeration,ParkingInfiltration,ParkingHVACAvail,ParkingHtgSetpt,ParkingClgSetpt,ParkingElevator,ParkingEscalator,ParkingWtrHtrSetpt,355,1,1,0,ParkingGarageBuildingParkingArea,NA,NA,none,; ,,
,Parking Garage Area (Daylight Adaptation Zones),Exhaust - Parking garages,5,0.5,250,200,0,0,Electric,1,None,0,None,0,None,0,8760,8760,0,0,10,40,1.5,2,Parking,ParkingOccupancy,ParkingReceptacle,ParkingServiceHotWater,ParkingLights,ParkingGasEquip,ParkingRefrigeration,ParkingInfiltration,ParkingHVACAvail,ParkingHtgSetpt,ParkingClgSetpt,ParkingElevator,ParkingEscalator,ParkingWtrHtrSetpt,356,1,1,0,ParkingGarageAreaDaylightAdaptationZone,NA,NA,none,; ,,
,Pharmacy Area,Misc - Pharmacy (preparation area),10,0.5,250,200,5,0.18,Electric,1,SpecializedTaskWork,0.35,None,0,None,0,150,150,0,1,100,1000,1.5,2,Retail,RetailOccupancy,RetailReceptacle,RetailServiceHotWater,RetailLights,RetailGasEquip,RetailRefrigeration,RetailInfiltration,RetailHVACAvail,RetailHtgSetpt,RetailClgSetpt,RetailElevator,RetailEscalator,RetailWtrHtrSetpt,357,1,0,0,PharmacyArea,NA,NA,Retail,; ,,
,Retail Sales Area (Grocery Sales),Retail - Supermarket,16.67,0.5,250,200,1,0.18,Gas,1,Decorative/Display,0.35,None,0,None,0,150,150,0,5,100,1000,1.5,2,Retail,RetailOccupancy,RetailReceptacle,RetailServiceHotWater,RetailLights,RetailGasEquip,RetailRefrigeration,RetailInfiltration,RetailHVACAvail,RetailHtgSetpt,RetailClgSetpt,RetailElevator,RetailEscalator,RetailWtrHtrSetpt,358,1,0,0,GrocerySalesArea,GroceryStoreArea,NA,Grocery,; ,,
,Retail Sales Area (Retail Merchandise Sales),Retail - Sales,16.67,0.5,250,200,1,0.18,Electric,0.95,Decorative/Display,0.35,None,0,None,0,150,150,0,0,100,1000,1.5,2,Retail,RetailOccupancy,RetailReceptacle,RetailServiceHotWater,RetailLights,RetailGasEquip,RetailRefrigeration,RetailInfiltration,RetailHVACAvail,RetailHtgSetpt,RetailClgSetpt,RetailElevator,RetailEscalator,RetailWtrHtrSetpt,359,1,0,0,RetailSalesArea,RetailMerchandiseSales,NA,Retail,; ,,
,Retail Sales Area (Fitting Room),Retail - Sales,16.67,0.5,250,200,1,0.18,Electric,0.6,ExternalIlluminatedMirror,40,InternalIlluminatedMirror,120,None,0,150,150,0,0,100,1000,1.5,2,Retail,RetailOccupancy,RetailReceptacle,RetailServiceHotWater,RetailLights,RetailGasEquip,RetailRefrigeration,RetailInfiltration,RetailHVACAvail,RetailHtgSetpt,RetailClgSetpt,RetailElevator,RetailEscalator,RetailWtrHtrSetpt,360,1,0,0,RetailFittingRoom,NA,NA,Retail,; ,,
,Religious Worship Area,Assembly - Places of religious worship,142.86,0.5,245,105,0.5,0.09,Electric,0.95,Decorative/Display,0.25,None,0,None,0,150,150,0,0,200,1500,1.5,2,Assembly,AssemblyOccupancy,AssemblyReceptacle,AssemblyServiceHotWater,AssemblyLights,AssemblyGasEquip,AssemblyRefrigeration,AssemblyInfiltration,AssemblyHVACAvail,AssemblyHtgSetpt,AssemblyClgSetpt,AssemblyElevator,AssemblyEscalator,AssemblyWtrHtrSetpt,361,1,0,0,ReligiousWorshipArea,ReligiousWorshipArea,NA,Other,; ,,
,Restrooms,"Exhaust - Toilets, public",10,0.5,250,250,0,0,Gas,0.65,Decorative/Display,0.35,None,0,None,0,8760,8760,0,0,50,100,1.5,2,Office,OfficeOccupancy,OfficeReceptacle,OfficeServiceHotWater,OfficeLights,OfficeGasEquip,OfficeRefrigeration,OfficeInfiltration,OfficeHVACAvail,OfficeHtgSetpt,OfficeClgSetpt,OfficeElevator,OfficeEscalator,OfficeWtrHtrSetpt,362,1,1,0,Restroom,NA,NA,Other,; ,,
,Stairwell,General - Corridors,10,0.5,250,250,0,0,Electric,0.6,Decorative/Display,0.35,None,0,None,0,8760,8760,0,0,50,100,1.5,2,Office,OfficeOccupancy,OfficeReceptacle,OfficeServiceHotWater,OfficeLights,OfficeGasEquip,OfficeRefrigeration,OfficeInfiltration,OfficeHVACAvail,OfficeHtgSetpt,OfficeClgSetpt,OfficeElevator,OfficeEscalator,OfficeWtrHtrSetpt,363,1,1,0,Stairwell,NA,NA,Other,; ,,
,"Storage, Commercial/Industrial (Warehouse)",Misc - Warehouses,2,0.5,275,475,0.2,0.18,Electric,0.4,None,0,None,0,None,0,8760,8760,0,0,50,300,1.5,2,Warehouse,WarehouseOccupancy,WarehouseReceptacle,WarehouseServiceHotWater,WarehouseLights,WarehouseGasEquip,WarehouseRefrigeration,WarehouseInfiltration,WarehouseHVACAvail,WarehouseHtgSetpt,WarehouseClgSetpt,WarehouseElevator,WarehouseEscalator,WarehouseWtrHtrSetpt,364,1,0,0,CommercialIndustrialWarehouse,NA,NA,Warehouse,; ,,
,"Storage, Commercial/Industrial (Refrigerated)",Misc - Freezer and refrigerated spaces (<50F),0,0.5,275,475,0.2,0.18,Electric,1,None,0,None,0,None,0,8760,8760,0,10,50,300,1.5,2,Warehouse,WarehouseOccupancy,WarehouseReceptacle,WarehouseServiceHotWater,WarehouseLights,WarehouseGasEquip,WarehouseRefrigeration,WarehouseInfiltration,WarehouseHVACAvail,WarehouseHtgSetpt,WarehouseClgSetpt,WarehouseElevator,WarehouseEscalator,WarehouseWtrHtrSetpt,365,1,0,0,CommercialIndustrialStorageAreaRefrigerated,NA,NA,Warehouse,; ,,
,"Storage, Commercial/Industrial (Shipping & Handling)",Misc - Shipping/receiving,5,0.5,275,475,0.5,0.18,Electric,0.6,None,0,None,0,None,0,8760,8760,0,0,50,300,1.5,2,Warehouse,WarehouseOccupancy,WarehouseReceptacle,WarehouseServiceHotWater,WarehouseLights,WarehouseGasEquip,WarehouseRefrigeration,WarehouseInfiltration,WarehouseHVACAvail,WarehouseHtgSetpt,WarehouseClgSetpt,WarehouseElevator,WarehouseEscalator,WarehouseWtrHtrSetpt,366,1,0,0,CommercialIndustrialStorageShipping,NA,NA,Warehouse,; ,,
,"Sports Arena - Playing Area (> 5,000 Spectators)","Sports/Entertainment - Gym, sports arena (play area)",80,0.5,255,875,0.5,0.18,Gas,2.25,None,0,None,0,None,0,150,150,0,0,150,400,1.5,2,Retail,RetailOccupancy,RetailReceptacle,RetailServiceHotWater,RetailLights,RetailGasEquip,RetailRefrigeration,RetailInfiltration,RetailHVACAvail,RetailHtgSetpt,RetailClgSetpt,RetailElevator,RetailEscalator,RetailWtrHtrSetpt,367,0,0,0,SportsArenaSeatsGTE5000ClassI,NA,NA,Other,; ,"Sports Arena - Playing Area (> 5,000 Spectators)",
,"Sports Arena - Playing Area (2,000 - 5,000 Spectators)","Sports/Entertainment - Gym, sports arena (play area)",66.67,0.5,255,875,0.5,0.18,Gas,1.45,None,0,None,0,None,0,150,150,0,0,150,400,1.5,2,Retail,RetailOccupancy,RetailReceptacle,RetailServiceHotWater,RetailLights,RetailGasEquip,RetailRefrigeration,RetailInfiltration,RetailHVACAvail,RetailHtgSetpt,RetailClgSetpt,RetailElevator,RetailEscalator,RetailWtrHtrSetpt,368,0,0,0,SportsArenaSeatsLT5000ClassII,NA,NA,Other,; ,"Sports Arena - Playing Area (2,000 - 5,000 Spectators)",
,"Sports Arena - Playing Area (< 2,000 Spectators)","Sports/Entertainment - Gym, sports arena (play area)",50,0.5,255,875,0.5,0.18,Gas,1.1,None,0,None,0,None,0,150,150,0,0,150,400,1.5,2,Retail,RetailOccupancy,RetailReceptacle,RetailServiceHotWater,RetailLights,RetailGasEquip,RetailRefrigeration,RetailInfiltration,RetailHVACAvail,RetailHtgSetpt,RetailClgSetpt,RetailElevator,RetailEscalator,RetailWtrHtrSetpt,369,0,0,0,SportsArenaSeatsLT2000ClassIII,NA,NA,Other,; ,"Sports Arena - Playing Area (< 2,000 Spectators)",
,Sports Arena - Playing Area (Recreational),"Sports/Entertainment - Gym, sports arena (play area)",20,0.5,255,875,0.2,0.9,Gas,0.75,None,0,None,0,None,0,150,150,0,0,150,400,1.5,2,Retail,RetailOccupancy,RetailReceptacle,RetailServiceHotWater,RetailLights,RetailGasEquip,RetailRefrigeration,RetailInfiltration,RetailHVACAvail,RetailHtgSetpt,RetailClgSetpt,RetailElevator,RetailEscalator,RetailWtrHtrSetpt,370,1,0,0,SportsArenaSeatsLimitedClassIV,NA,NA,Other,; ,,
,Theater Area (Motion Picture),Assembly - Auditorium seating area ,142.86,0.5,245,105,0.5,0.09,Electric,0.5,Decorative/Display,0.25,None,0,None,0,150,150,0,0,2,50,1.5,2,Assembly,AssemblyOccupancy,AssemblyReceptacle,AssemblyServiceHotWater,AssemblyLights,AssemblyGasEquip,AssemblyRefrigeration,AssemblyInfiltration,AssemblyHVACAvail,AssemblyHtgSetpt,AssemblyClgSetpt,AssemblyElevator,AssemblyEscalator,AssemblyWtrHtrSetpt,371,1,0,0,TheaterMotionPicture,MotionPictureTheater,NA,Other,; ,,
,Theater Area (Performance),"Sports/Entertainment - Stages, studios",142.86,0.5,245,105,0.5,0.09,Gas,0.8,Decorative/Display,0.25,None,0,None,0,150,150,0,0,2,200,1.5,2,Assembly,AssemblyOccupancy,AssemblyReceptacle,AssemblyServiceHotWater,AssemblyLights,AssemblyGasEquip,AssemblyRefrigeration,AssemblyInfiltration,AssemblyHVACAvail,AssemblyHtgSetpt,AssemblyClgSetpt,AssemblyElevator,AssemblyEscalator,AssemblyWtrHtrSetpt,372,1,0,1,TheaterPerformance,PerformanceTheater,NA,Other,; ,,
,Transportation Function (Baggage Area),Misc - Transportation waiting,33.33,0.5,250,250,0.5,0.18,Electric,0.4,None,0,None,0,None,0,150,150,0,0,50,500,1.5,2,Assembly,AssemblyOccupancy,AssemblyReceptacle,AssemblyServiceHotWater,AssemblyLights,AssemblyGasEquip,AssemblyRefrigeration,AssemblyInfiltration,AssemblyHVACAvail,AssemblyHtgSetpt,AssemblyClgSetpt,AssemblyElevator,AssemblyEscalator,AssemblyWtrHtrSetpt,373,0,0,0,TransportationFunctionConcourseBaggage,NA,NA,none,; ,Transportation Function (Baggage Area),
,Transportation Function (Ticketing Area),Misc - Transportation waiting,33.33,0.5,250,250,0.5,0.18,Electric,0.45,Decorative/Display,0.2,None,0,None,0,150,150,0,0,50,500,1.5,2,Assembly,AssemblyOccupancy,AssemblyReceptacle,AssemblyServiceHotWater,AssemblyLights,AssemblyGasEquip,AssemblyRefrigeration,AssemblyInfiltration,AssemblyHVACAvail,AssemblyHtgSetpt,AssemblyClgSetpt,AssemblyElevator,AssemblyEscalator,AssemblyWtrHtrSetpt,374,0,0,0,TransportationFunctionTicketing,NA,NA,none,; ,Transportation Function (Ticketing Area),
,Unleased Tenant Area,Office - Office space,10,0.5,250,200,1.5,0.18,Electric,0.75,None,0,None,0,None,0,150,150,0,0,75,500,1,4,Office,OfficeOccupancy,OfficeReceptacle,OfficeServiceHotWater,OfficeLights,OfficeGasEquip,OfficeRefrigeration,OfficeInfiltration,OfficeHVACAvail,OfficeHtgSetpt,OfficeClgSetpt,OfficeElevator,OfficeEscalator,OfficeWtrHtrSetpt,375,1,0,1,UnleasedTenantArea,NA,NA,"Office, Financial, Unleased Tenant",; ,,
,Unoccupied-Exclude from Gross Floor Area,NA,0,0.5,250,250,0,0,Gas,0,None,0,None,0,None,0,8760,8760,0,0,0,0,0,0,Unoccupied,UnoccupiedOccupancy,UnoccupiedReceptacle,UnoccupiedServiceHotWater,UnoccupiedLights,UnoccupiedGasEquip,UnoccupiedRefrigeration,UnoccupiedInfiltration,UnoccupiedHVACAvail,UnoccupiedHtgSetpt,UnoccupiedClgSetpt,UnoccupiedElevator,UnoccupiedEscalator,UnoccupiedWtrHtrSetpt,376,1,1,0,UnoccupiedExcludeInGrossFloorArea,NA,NA,none,; ,,
,Unoccupied-Include in Gross Floor Area,NA,0,0.5,250,250,0,0,Gas,0,None,0,None,0,None,0,8760,8760,0,0,0,0,0,0,Unoccupied,UnoccupiedOccupancy,UnoccupiedReceptacle,UnoccupiedServiceHotWater,UnoccupiedLights,UnoccupiedGasEquip,UnoccupiedRefrigeration,UnoccupiedInfiltration,UnoccupiedHVACAvail,UnoccupiedHtgSetpt,UnoccupiedClgSetpt,UnoccupiedElevator,UnoccupiedEscalator,UnoccupiedWtrHtrSetpt,377,1,1,0,UnoccupiedIncludeInGrossFloorArea,NA,NA,Other,; ,,
,Videoconferencing Studio,General - Conference/meeting,10,0.5,250,200,1.5,0.18,Electric,0.9,Videoconferencing,1,None,0,None,0,150,150,0,0,300,300,1.5,2,Office,OfficeOccupancy,OfficeReceptacle,OfficeServiceHotWater,OfficeLights,OfficeGasEquip,OfficeRefrigeration,OfficeInfiltration,OfficeHVACAvail,OfficeHtgSetpt,OfficeClgSetpt,OfficeElevator,OfficeEscalator,OfficeWtrHtrSetpt,378,1,0,0,VideoConferencingStudio,NA,NA,"Office, Financial, Unleased Tenant",; ,,
,All other,Misc - All others,10,0.5,250,200,1,0.18,Gas,0.4,None,0,None,0,None,0,150,150,0,0,100,300,1.5,2,Office,OfficeOccupancy,OfficeReceptacle,OfficeServiceHotWater,OfficeLights,OfficeGasEquip,OfficeRefrigeration,OfficeInfiltration,OfficeHVACAvail,OfficeHtgSetpt,OfficeClgSetpt,OfficeElevator,OfficeEscalator,OfficeWtrHtrSetpt,301,1,0,1,AllOthersSpace,NA,NA,none,; ,,
,Storage,Misc - All others,2,0.5,250,200,0.2,0.18,Electric,0.45,None,0,None,0,None,0,8760,8760,0,0,50,300,1.5,2,ResidentialCommon,ResidentialCommonOccupancy,ResidentialCommonReceptacle,ResidentialCommonServiceHotWater,ResidentialCommonLights,ResidentialCommonGasEquip,ResidentialCommonRefrigeration,ResidentialCommonInfiltration,ResidentialCommonHVACAvail,ResidentialCommonHtgSetpt,ResidentialCommonClgSetpt,ResidentialCommonElevator,ResidentialCommonEscalator,ResidentialCommonWtrHtrSetpt,379,1,1,0,Storage,NA,NA,Highrise Multifamily,;,,
,Health Care / Assisted Living (Nurse's Station),Misc - All others,10,0.5,250,200,1.5,0.24,Gas,0.75,TunableWhiteOrDimToWarm,0.1,None,0,None,0,150,150,0,0,75,500,1.5,2,ResidentialCommon,ResidentialCommonOccupancy,ResidentialCommonReceptacle,ResidentialCommonServiceHotWater,ResidentialCommonLights,ResidentialCommonGasEquip,ResidentialCommonRefrigeration,ResidentialCommonInfiltration,ResidentialCommonHVACAvail,ResidentialCommonHtgSetpt,ResidentialCommonClgSetpt,ResidentialCommonElevator,ResidentialCommonEscalator,ResidentialCommonWtrHtrSetpt,380,1,0,0,AssistedLivingNurseStation,NA,NA,Other,;,,
,Health Care / Assisted Living (Physical Therapy Room),Misc - All others,10,0.5,250,200,1.5,0.24,Electric,0.85,TunableWhiteOrDimToWarm,0.1,None,0,None,0,150,150,0,0,75,500,1.5,2,ResidentialCommon,ResidentialCommonOccupancy,ResidentialCommonReceptacle,ResidentialCommonServiceHotWater,ResidentialCommonLights,ResidentialCommonGasEquip,ResidentialCommonRefrigeration,ResidentialCommonInfiltration,ResidentialCommonHVACAvail,ResidentialCommonHtgSetpt,ResidentialCommonClgSetpt,ResidentialCommonElevator,ResidentialCommonEscalator,ResidentialCommonWtrHtrSetpt,381,1,0,0,AssistedLivingPhysicalTherapy,NA,NA,Other,;,,
ENDTABLE,,,,,,,,,,,,,,,,,,,,,,,,,,,,,,,,,,,,,,,,,,,,,,,,,
//,,,,,,,,,,,,,,,,,,,,,,,,,,,,,,,,,,,,,,,,,,,,,,,,,
,,,,,,,,,,,,,,,,,,,,,,,,,,,,,,,,,,,,,,,,,,,,,,,,,
,,,,,,,,,,,,,,,,,,,,,,,,,,,,,,,,,,,,,,,,,,,,,,,,,
,,,,,,,,,,,,,,,,,,,,,,,,,,,,,,,,,,,,,,,,,,,,,,,,,
,,,,,,,,,,,,,,,,,,,,,,,,,,Occupancy,Receptacle,ServiceHotWater,Lights,GasEquip,Refrigeration,Infiltration,HVACAvail,HtgSetpt,ClgSetpt,Elevator,Escalator,WtrHtrSetpt,,,,,,,,,,,
