;,CEC CUAC (Calif. Utility Allowance Calculator) Ruleset - 2023,,,,,,,,,,
;,Mapping from prior CUAC Utilities/Territories/Rates to new CPR options,,,,,,,,,,
;,,,,,,,,,,,
;,Last Modified:,,,,,,,,,,
;,,SAC 09/05/23 - updated w/ latest mapping and data from CPR,,,,,,,,,
;,,,,,,,,,,,
;,Source Data:,,,,,,,,,,
;,,CUAC-CPR Mapping 2023.08.24.xlsx,,,,,,,,,
;,,provided by CPR/EllieJanzen ~8/25/23,,,,,,,,,
;,,,,,,,,,,,
;,Mod History:,,,,,,,,,,
;,,SAC 08/25/23 - created initial table from CPR spreadsheet,,,,,,,,,
;,,,,,,,,,,,
;,,,,,,,,,,,
TABLE CUAC_UtilityRateGen2Mapping,,,,,,,,,,,
,Fuel,CUACUtility,OldTerritory,OldRate,HaveMapping,Gen2Territory,Gen2RateName,,CPR_NonTOURateName,G2TerritoryLookup,G2TerrCheck
,Electric,Alameda -- Alameda Municipal Utility,All - Electric,Standard,1,All,D1,;,CA_ALAMEDA_D1,All,ok
,Electric,Alameda -- Alameda Municipal Utility,All - Electric,CARE,1,All,D1 CARE,;,CA_ALAMEDA_D1_CARE,All,ok
,Electric,Alameda -- Alameda Municipal Utility,All - Standard,Standard,1,All,D1,;,CA_ALAMEDA_D1,All,ok
,Electric,Alameda -- Alameda Municipal Utility,All - Standard,CARE,1,All,D1 CARE,;,CA_ALAMEDA_D1_CARE,All,ok
,Electric,Anaheim -- Anaheim Public Utilites Department,All - Electric,Standard,1,All,DS A,;,CA_ANAHEIM_DS_A,All,ok
,Electric,Anaheim -- Anaheim Public Utilites Department,All - Electric,CARE,1,All,DS A CARE,;,CA_ANAHEIM_DS_A_CARE,All,ok
,Electric,Anaheim -- Anaheim Public Utilites Department,All - Standard,Standard,1,All,DS A,;,CA_ANAHEIM_DS_A,All,ok
,Electric,Anaheim -- Anaheim Public Utilites Department,All - Standard,CARE,1,All,DS A CARE,;,CA_ANAHEIM_DS_A_CARE,All,ok
,Electric,Anza -- Anza Electric Cooperative,All - Electric,Standard,1,All,D-1,;,CA_ANZA_EC_2757,All,ok
,Electric,Azusa -- Azusa Light and Water,All - Electric,Standard,1,All,R,;,CA_AZUSA_R,All,ok
,Electric,Azusa -- Azusa Light and Water,All - Electric,CARE,1,All,R CARE,;,CA_AZUSA_R_CARE,All,ok
,Electric,Azusa -- Azusa Light and Water,All - Standard,Standard,1,All,R,;,CA_AZUSA_R,All,ok
,Electric,Azusa -- Azusa Light and Water,All - Standard,CARE,1,All,R CARE,;,CA_AZUSA_R_CARE,All,ok
,Electric,Banning -- Banning Electric Utility,All - Electric,Standard,1,All,R,;,CA_BANNING_R,All,ok
,Electric,Banning -- Banning Electric Utility,All - Electric,CARE,1,All,R LI 1,;,CA_BANNING_R_LI_1,All,ok
,Electric,Banning -- Banning Electric Utility,All - Standard,Standard,1,All,R,;,CA_BANNING_R,All,ok
,Electric,Banning -- Banning Electric Utility,All - Standard,CARE,1,All,R LI 1,;,CA_BANNING_R_LI_1,All,ok
,Electric,Bear -- Bear Valley Electric,All - Electric,Standard,1,All,R,;,CA_BEAR_VALLEY_R,All,ok
,Electric,Bear -- Bear Valley Electric,All - Electric,CARE,1,All,R CARE,;,CA_BEAR_VALLEY_R_CARE,All,ok
,Electric,BIGGS -- Biggs Municipal Utilities,All - Electric,Standard,1,All,DAS CITY,;,CA_CITY_OF_BIGGS_DAS_CITY,All,ok
,Electric,Burbank -- Burbank Water and Power,CARE - Standard,Standard,1,All,R,;,CA_BURBANK_R,All,ok
,Electric,Burbank -- Burbank Water and Power,CARE - Standard,CARE,1,All,R LIFELINLE,;,CA_BURBANK_R_LIFELINLE,All,ok
,Electric,Burbank -- Burbank Water and Power,Standard - Standard,Standard,1,All,R,;,CA_BURBANK_R,All,ok
,Electric,Burbank -- Burbank Water and Power,Standard - Standard,CARE,1,All,R LIFELINLE,;,CA_BURBANK_R_LIFELINLE,All,ok
,Electric,Colton -- Colton Electric Utility,All - Standard,Standard,1,All,R,;,CA_COLTON_R,All,ok
,Electric,Colton -- Colton Electric Utility,All - Standard,CARE,1,All,R CARE,;,CA_COLTON_R_CARE,All,ok
,Electric,Colton -- Colton Electric Utility,CARE - Standard,Standard,1,All,R,;,CA_COLTON_R,All,ok
,Electric,Colton -- Colton Electric Utility,CARE - Standard,CARE,1,All,R CARE,;,CA_COLTON_R_CARE,All,ok
,Electric,Corona -- City of Corona,All - Electric,Standard,1,All,Sched D,;,CA_Corona_2872,All,ok
,Electric,Glendale -- Glendale Water and Power,All - Standard,Standard,1,All,L1A,;,CA_GLENDALE_L1A,All,ok
,Electric,Glendale -- Glendale Water and Power,All - Standard,CARE,1,All,L1A CARE,;,CA_GLENDALE_L1A_CARE,All,ok
,Electric,Gridley -- Gridley Electric Utility,All - Standard,Standard,1,All,R-1,;,CA_GRIDLEY_2682,All,ok
,Electric,HLDBGMU -- Healdsburg Municipal Utility,All - Electric,Standard,1,All,R1,;,CA_HEALDSBURG_R1,All,ok
,Electric,HLDBGMU -- Healdsburg Municipal Utility,All - Electric,CARE,1,All,R1 CARE,;,CA_HEALDSBURG_R1_CARE,All,ok
,Electric,HLDBGMU -- Healdsburg Municipal Utility,All - Standard,Standard,1,All,R1,;,CA_HEALDSBURG_R1,All,ok
,Electric,HLDBGMU -- Healdsburg Municipal Utility,All - Standard,CARE,1,All,R1 CARE,;,CA_HEALDSBURG_R1_CARE,All,ok
,Electric,Imperial -- Imperial Irrigation District,All - Standard,Standard,1,All,D VOEXP,;,CA_IID_D_VOEXP,All,ok
,Electric,Imperial -- Imperial Irrigation District,All - Standard,CARE,1,All,D 1 1 VOEXP,;,CA_IID_D_1_1_VOEXP,All,ok
,Electric,Island -- Island Energy,All - Electric,Standard,1,All,RS,;,CA_ISLAND_ENERGY_RS,All,ok
,Electric,Island -- Island Energy,All - Electric,CARE,1,All,RS 1 CARE,;,CA_ISLAND_ENERGY_RS_1_CARE,All,ok
,Electric,Kirkwood -- Kirkwood Meadows Public Utility District,All - Electric,Standard,1,All,RS,;,CA_KIRKWOOD_MEADOWS_PUD_RS,All,ok
,Electric,LADWP -- Los Angeles Department of Water and Power,Zone 1 - Standard,Standard,1,All,R1 A,;,CA_LADWP_R1_A,All,ok
,Electric,LADWP -- Los Angeles Department of Water and Power,Zone 1 - Standard,CARE,1,All,R1 A ZONE1 LOW INCOME,;,CA_LADWP_R1_A_ZONE1_LOW_INCOME,All,ok
,Electric,LADWP -- Los Angeles Department of Water and Power,Zone 2 - Standard,Standard,1,All,R1 A Z2,;,CA_LADWP_R1_A_Z2,All,ok
,Electric,LADWP -- Los Angeles Department of Water and Power,Zone 2 - Standard,CARE,1,All,R1 A Z2 LOW INCOME,;,CA_LADWP_R1_A_Z2_LOW_INCOME,All,ok
,Electric,Lathrop -- Lathrop Irrigation District,All - Electric,Standard,1,All,RS,;,CA_LATHROP_ID_RS,All,ok
,Electric,Lathrop -- Lathrop Irrigation District,All - Electric,CARE,1,All,RS 2 CARES,;,CA_LATHROP_ID_RS_2_CARES,All,ok
,Electric,Liberty -- Liberty Energy,All - Electric,Standard,1,All,D-1 ALL ELECTRIC,;,CA_SIERRA_PACIFIC_2914,All,ok
,Electric,Liberty -- Liberty Energy,All - Electric,CARE,1,All,D-1 ALL ELECTRIC CARE,;,CA_SIERRA_PACIFIC_D_1_ALL_ELECTRIC_CARE,All,ok
,Electric,Liberty -- Liberty Energy,All - Standard,Standard,1,All,D-1 Basic Quantity,;,CA_SIERRA_PACIFIC_2913,All,ok
,Electric,Liberty -- Liberty Energy,All - Standard,CARE,1,All,D-1 CARE,;,CA_SIERRA_PACIFIC_D_1_CARE,All,ok
,Electric,LMUD -- Lassen Municipal Utility District,All - Standard,Standard,1,Other,D,;,CA_LMUD_D,Other,ok
,Electric,LMUD -- Lassen Municipal Utility District,All - Standard,CARE,1,Other,D CARE,;,CA_LMUD_D_CARE,Other,ok
,Electric,LMUD -- Lassen Municipal Utility District,Susanville Indian Rancheria - Standard,Standard,1,Susanville Indian Rancheria,D,;,CA_LMUD_SUSANVILLE_INDIAN_RANCHERIA_D,Susanville Indian Rancheria,ok
,Electric,Lodi -- Lodi Electric Utility,All - Standard,Standard,1,All,EA VOEXP,;,CA_LODI_EA_VOEXP,All,ok
,Electric,Lodi -- Lodi Electric Utility,All - Standard,CARE/SHARE,1,All,EA VOEXP CARE,;,CA_LODI_EA_CARE_VOEXP,All,ok
,Electric,Lompoc -- Lompoc Electric Utility,All - Standard,Standard,1,All,RS,;,CA_LOMPOC_RS,All,ok
,Electric,Lompoc -- Lompoc Electric Utility,All - Standard,CARE,1,All,RS CARE,;,CA_LOMPOC_RS_CARE,All,ok
,Electric,Merced -- Merced Irrigation District,All - Standard,Standard,1,All,R,;,CA_MERCED_IRRIGATION_R,All,ok
,Electric,Merced -- Merced Irrigation District,All - Standard,CARE,1,All,R 2 CARE,;,CA_MERCED_IRRIGATION_R_2_CARE,All,ok
,Electric,MOID -- Modesto Irrigation District,All - Standard,Standard,1,Other,D,;,CA_MODESTO_IRRIGATION_D,Other,ok
,Electric,MOID -- Modesto Irrigation District,All - Standard,CARE,1,Other,D CARES,;,CA_MODESTO_IRRIGATION_D_CARES,Other,ok
,Electric,MOID -- Modesto Irrigation District,Mountain House - Standard,Standard,1,Mountain House,D,;,CA_MODESTO_IRRIGATION_MOUNTAIN_HOUSE_,Mountain House,ok
,Electric,MOID -- Modesto Irrigation District,Mountain House - Standard,CARE,1,Mountain House,D CARES,;,CA_MODESTO_IRRIGATION_MOUNTAIN_HOUSE_CAREs,Mountain House,ok
,Electric,Moreno -- Moreno Valley Utility,All - Standard,Standard,1,All,A1,;,CA_MORENO_VALLEY_MVU_A1,All,ok
,Electric,Moreno -- Moreno Valley Utility,All - Standard,CARE,1,All,A1 CARE,;,CA_MORENO_VALLEY_MVU_A1_CARE,All,ok
,Electric,Needles -- Needles Public Utility Authority,All - Standard,Standard,1,All,R S 1,;,CA_NEEDLES_R_S_1,All,ok
,Electric,Palo Alto -- Palo Alto Utilities Department,All - Standard,Standard,1,All,E1 1,;,CA_PALO_ALTO_E1_1,All,ok
,Electric,Palo Alto -- Palo Alto Utilities Department,All - Standard,CARE,1,All,E1 1 CARE,;,CA_PALO_ALTO_E1_1_CARE,All,ok
,Electric,Pasadena -- Pasadena Water and Power,All - Electric,Standard,1,All,D,;,CA_PASADENA_D,All,ok
,Electric,Pasadena -- Pasadena Water and Power,All - Electric,CARE,1,All,D ASSISTANCE BASIC,;,CA_PASADENA_D_ASSISTANCE_BASIC,All,ok
,Electric,PG&E -- Pacific Gas and Electric Company,P - Electric,Standard,1,P,E1 H,;,CA_PGE_E1_P_H,P,ok
,Electric,PG&E -- Pacific Gas and Electric Company,P - Electric,CARE,1,P,E1 H CARE,;,CA_PGE_E1_P_H_CARE,P,ok
,Electric,PG&E -- Pacific Gas and Electric Company,P - Standard,Standard,1,P,E1 B,;,CA_PGE_E1_P_B,P,ok
,Electric,PG&E -- Pacific Gas and Electric Company,P - Standard,CARE,1,P,E1 B CARE,;,CA_PGE_E1_P_B_CARE,P,ok
,Electric,PG&E -- Pacific Gas and Electric Company,Q - Electric,Standard,1,Q,E1 H,;,CA_PGE_E1_Q_H,Q,ok
,Electric,PG&E -- Pacific Gas and Electric Company,Q - Electric,CARE,1,Q,E1 H CARE,;,CA_PGE_E1_Q_H_CARE,Q,ok
,Electric,PG&E -- Pacific Gas and Electric Company,Q - Standard,Standard,1,Q,E1 B,;,CA_PGE_E1_Q_B,Q,ok
,Electric,PG&E -- Pacific Gas and Electric Company,Q - Standard,CARE,1,Q,E1 B CARE,;,CA_PGE_E1_Q_B_CARE,Q,ok
,Electric,PG&E -- Pacific Gas and Electric Company,R - Electric,Standard,1,R,E1 H,;,CA_PGE_E1_R_H,R,ok
,Electric,PG&E -- Pacific Gas and Electric Company,R - Electric,CARE,1,R,E1 H CARE,;,CA_PGE_E1_R_H_CARE,R,ok
,Electric,PG&E -- Pacific Gas and Electric Company,R - Standard,Standard,1,R,E1 B,;,CA_PGE_E1_R_B,R,ok
,Electric,PG&E -- Pacific Gas and Electric Company,R - Standard,CARE,1,R,E1 B CARE,;,CA_PGE_E1_R_B_CARE,R,ok
,Electric,PG&E -- Pacific Gas and Electric Company,S - Electric,Standard,1,S,E1 H,;,CA_PGE_E1_S_H,S,ok
,Electric,PG&E -- Pacific Gas and Electric Company,S - Electric,CARE,1,S,E1 H CARE,;,CA_PGE_E1_S_H_CARE,S,ok
,Electric,PG&E -- Pacific Gas and Electric Company,S - Standard,Standard,1,S,E1 B,;,CA_PGE_E1_S_B,S,ok
,Electric,PG&E -- Pacific Gas and Electric Company,S - Standard,CARE,1,S,E1 B CARE,;,CA_PGE_E1_S_B_CARE,S,ok
,Electric,PG&E -- Pacific Gas and Electric Company,T - Electric,Standard,1,T,E1 H,;,CA_PGE_E1_T_H,T,ok
,Electric,PG&E -- Pacific Gas and Electric Company,T - Electric,CARE,1,T,E1 H CARE,;,CA_PGE_E1_T_H_CARE,T,ok
,Electric,PG&E -- Pacific Gas and Electric Company,T - Standard,Standard,1,T,E1 B,;,CA_PGE_E1_T_B,T,ok
,Electric,PG&E -- Pacific Gas and Electric Company,T - Standard,CARE,1,T,E1 B CARE,;,CA_PGE_E1_T_B_CARE,T,ok
,Electric,PG&E -- Pacific Gas and Electric Company,V - Electric,Standard,1,V,E1 H,;,CA_PGE_E1_V_H,V,ok
,Electric,PG&E -- Pacific Gas and Electric Company,V - Electric,CARE,1,V,E1 H CARE,;,CA_PGE_E1_V_H_CARE,V,ok
,Electric,PG&E -- Pacific Gas and Electric Company,V - Standard,Standard,1,V,E1 B,;,CA_PGE_E1_V_B,V,ok
,Electric,PG&E -- Pacific Gas and Electric Company,V - Standard,CARE,1,V,E1 B CARE,;,CA_PGE_E1_V_B_CARE,V,ok
,Electric,PG&E -- Pacific Gas and Electric Company,W - Electric,Standard,1,W,E1 H,;,CA_PGE_E1_W_H,W,ok
,Electric,PG&E -- Pacific Gas and Electric Company,W - Electric,CARE,1,W,E1 H CARE,;,CA_PGE_E1_W_H_CARE,W,ok
,Electric,PG&E -- Pacific Gas and Electric Company,W - Standard,Standard,1,W,E1 B,;,CA_PGE_E1_W_B,W,ok
,Electric,PG&E -- Pacific Gas and Electric Company,W - Standard,CARE,1,W,E1 B CARE,;,CA_PGE_E1_W_B_CARE,W,ok
,Electric,PG&E -- Pacific Gas and Electric Company,X - Electric,Standard,1,X,E1 H,;,CA_PGE_E1_X_H,X,ok
,Electric,PG&E -- Pacific Gas and Electric Company,X - Electric,CARE,1,X,E1 H CARE,;,CA_PGE_E1_X_H_CARE,X,ok
,Electric,PG&E -- Pacific Gas and Electric Company,X - Standard,Standard,1,X,E1 B,;,CA_PGE_E1_X_B,X,ok
,Electric,PG&E -- Pacific Gas and Electric Company,X - Standard,CARE,1,X,E1 B CARE,;,CA_PGE_E1_X_B_CARE,X,ok
,Electric,PG&E -- Pacific Gas and Electric Company,Y - Electric,Standard,1,Y,E1 H,;,CA_PGE_E1_Y_H,Y,ok
,Electric,PG&E -- Pacific Gas and Electric Company,Y - Electric,CARE,1,Y,E1 H CARE,;,CA_PGE_E1_Y_H_CARE,Y,ok
,Electric,PG&E -- Pacific Gas and Electric Company,Y - Standard,Standard,1,Y,E1 B,;,CA_PGE_E1_Y_B,Y,ok
,Electric,PG&E -- Pacific Gas and Electric Company,Y - Standard,CARE,1,Y,E1 B CARE,;,CA_PGE_E1_Y_B_CARE,Y,ok
,Electric,PG&E -- Pacific Gas and Electric Company,Z - Electric,Standard,1,Z,E1 H,;,CA_PGE_E1_Z_H,Z,ok
,Electric,PG&E -- Pacific Gas and Electric Company,Z - Electric,CARE,1,Z,E1 H CARE,;,CA_PGE_E1_Z_H_CARE,Z,ok
,Electric,PG&E -- Pacific Gas and Electric Company,Z - Standard,Standard,1,Z,E1 B,;,CA_PGE_E1_Z_B,Z,ok
,Electric,PG&E -- Pacific Gas and Electric Company,Z - Standard,CARE,1,Z,E1 B CARE,;,CA_PGE_E1_Z_B_CARE,Z,ok
,Electric,PP&L -- Pacific Power and Light Company,Del Norte County - Electric,Standard,1,Del Norte County,D,;,CA_PACIFIC_POWER_DEL_NORTE_D,Del Norte County,ok
,Electric,PP&L -- Pacific Power and Light Company,Del Norte County - Electric,CARE,1,Del Norte County,CARE,;,CA_PACIFIC_POWER_DEL_NORTE_CARE,Del Norte County,ok
,Electric,PP&L -- Pacific Power and Light Company,Del Norte County - Standard,Standard,1,Del Norte County,D,;,CA_PACIFIC_POWER_DEL_NORTE_D,Del Norte County,ok
,Electric,PP&L -- Pacific Power and Light Company,Del Norte County - Standard,CARE,1,Del Norte County,CARE,;,CA_PACIFIC_POWER_DEL_NORTE_CARE,Del Norte County,ok
,Electric,PP&L -- Pacific Power and Light Company,Except Del Norte County - Electric,Standard,1,Except Del Norte County,D,;,CA_PACIFIC_POWER_D,Except Del Norte County,ok
,Electric,PP&L -- Pacific Power and Light Company,Except Del Norte County - Electric,CARE,1,Except Del Norte County,DL 6,;,CA_PACIFIC_POWER_DL_6,Except Del Norte County,ok
,Electric,PP&L -- Pacific Power and Light Company,Except Del Norte County - Standard,Standard,1,Except Del Norte County,D,;,CA_PACIFIC_POWER_D,Except Del Norte County,ok
,Electric,PP&L -- Pacific Power and Light Company,Except Del Norte County - Standard,CARE,1,Except Del Norte County,DL 6,;,CA_PACIFIC_POWER_DL_6,Except Del Norte County,ok
,Electric,P-SREC -- Plumas Sierra Rural Electric Cooperative,All - Electric,Standard,1,All,RS ALL ELEC,;,CA_PLUMAS_SIERRA_2449,All,ok
,Electric,P-SREC -- Plumas Sierra Rural Electric Cooperative,All - Electric,CARE,1,All,RS ALL ELEC WRAP,;,CA_PLUMAS_SIERRA_RS_ALL_ELEC_WRAP,All,ok
,Electric,P-SREC -- Plumas Sierra Rural Electric Cooperative,All - Standard,Standard,1,All,RS,;,CA_PLUMAS_SIERRA_RS,All,ok
,Electric,P-SREC -- Plumas Sierra Rural Electric Cooperative,All - Standard,CARE,1,All,RS WRAP,;,CA_PLUMAS_SIERRA_RS_WRAP,All,ok
,Electric,Rancho -- Rancho Cucamonga Municipal Utility,All - Electric,Standard,1,All,R,;,CA_RANCHO_CUCAMONGA_R,All,ok
,Electric,Rancho -- Rancho Cucamonga Municipal Utility,All - Electric,CARE,1,All,R CARE,;,CA_RANCHO_CUCAMONGA_R_CARE,All,ok
,Electric,Redding -- Redding Electric Utility,All - Standard,Standard,1,All,R,;,CA_REDDING_R,All,ok
,Electric,Redding -- Redding Electric Utility,All - Standard,CARE,1,All,R CARE,;,CA_REDDING_R_CARE,All,ok
,Electric,Riverside -- Riverside Public Utilities,All - Standard,Standard,1,All,D,;,CA_RIVERSIDE_D,All,ok
,Electric,Riverside -- Riverside Public Utilities,All - Standard,CARE,1,All,D SHARE,;,CA_RIVERSIDE_D_SHARE,All,ok
,Electric,Roseville -- Roseville Electric,All - Standard,Standard,1,All,R,;,CA_ROSEVILLE_R,All,ok
,Electric,Roseville -- Roseville Electric,All - Standard,CARE,1,All,R CARE,;,CA_ROSEVILLE_R_CARE,All,ok
,Electric,SCE -- Southern California Edison,5 - Electric,Standard,1,CZ 5,D All Elec,;,CA_SCE_5_2706,CZ 5,ok
,Electric,SCE -- Southern California Edison,5 - Electric,CARE,1,CZ 5,D CARE,;,CA_SCE_5_D_CARE,CZ 5,ok
,Electric,SCE -- Southern California Edison,5 - Standard,Standard,1,CZ 5,D,;,CA_SCE_5_2705,CZ 5,ok
,Electric,SCE -- Southern California Edison,5 - Standard,CARE,1,CZ 5,D CARE,;,CA_SCE_5_D_CARE,CZ 5,ok
,Electric,SCE -- Southern California Edison,6 - Electric,Standard,1,CZ 6,D All Elec,;,CA_SCE_6_2711,CZ 6,ok
,Electric,SCE -- Southern California Edison,6 - Electric,CARE,1,CZ 6,D CARE,;,CA_SCE_6_D_CARE,CZ 6,ok
,Electric,SCE -- Southern California Edison,6 - Standard,Standard,1,CZ 6,D B,;,CA_SCE_6_2710,CZ 6,ok
,Electric,SCE -- Southern California Edison,6 - Standard,CARE,1,CZ 6,D CARE,;,CA_SCE_6_D_CARE,CZ 6,ok
,Electric,SCE -- Southern California Edison,8 - Electric,Standard,1,CZ 8,D All Elec,;,CA_SCE_8_2716,CZ 8,ok
,Electric,SCE -- Southern California Edison,8 - Electric,CARE,1,CZ 8,D CARE,;,CA_SCE_8_D_CARE,CZ 8,ok
,Electric,SCE -- Southern California Edison,8 - Standard,Standard,1,CZ 8,D B,;,CA_SCE_8_2715,CZ 8,ok
,Electric,SCE -- Southern California Edison,8 - Standard,CARE,1,CZ 8,D CARE,;,CA_SCE_8_D_CARE,CZ 8,ok
,Electric,SCE -- Southern California Edison,9 - Electric,Standard,1,CZ 9,D All Elec,;,CA_SCE_9_2721,CZ 9,ok
,Electric,SCE -- Southern California Edison,9 - Electric,CARE,1,CZ 9,D CARE,;,CA_SCE_9_D_CARE,CZ 9,ok
,Electric,SCE -- Southern California Edison,9 - Standard,Standard,1,CZ 9,D B,;,CA_SCE_9_2720,CZ 9,ok
,Electric,SCE -- Southern California Edison,9 - Standard,CARE,1,CZ 9,D CARE,;,CA_SCE_9_D_CARE,CZ 9,ok
,Electric,SCE -- Southern California Edison,10 - Electric,Standard,1,CZ 10,D All Elec,;,CA_SCE_D_10_E,CZ 10,ok
,Electric,SCE -- Southern California Edison,10 - Electric,CARE,1,CZ 10,D CARE,;,CA_SCE_10_D_CARE,CZ 10,ok
,Electric,SCE -- Southern California Edison,10 - Standard,Standard,1,CZ 10,D B,;,CA_SCE_D_10_B,CZ 10,ok
,Electric,SCE -- Southern California Edison,10 - Standard,CARE,1,CZ 10,D CARE,;,CA_SCE_10_D_CARE,CZ 10,ok
,Electric,SCE -- Southern California Edison,13 - Electric,Standard,1,CZ 13,D All Elec,;,CA_SCE_D_13_E,CZ 13,ok
,Electric,SCE -- Southern California Edison,13 - Electric,CARE,1,CZ 13,D CARE,;,CA_SCE_13_D_CARE,CZ 13,ok
,Electric,SCE -- Southern California Edison,13 - Standard,Standard,1,CZ 13,D B,;,CA_SCE_D_13_B,CZ 13,ok
,Electric,SCE -- Southern California Edison,13 - Standard,CARE,1,CZ 13,D CARE,;,CA_SCE_13_D_CARE,CZ 13,ok
,Electric,SCE -- Southern California Edison,14 - Electric,Standard,1,CZ 14,D All Elec,;,CA_SCE_D_14_E,CZ 14,ok
,Electric,SCE -- Southern California Edison,14 - Electric,CARE,1,CZ 14,D CARE,;,CA_SCE_14_D_CARE,CZ 14,ok
,Electric,SCE -- Southern California Edison,14 - Standard,Standard,1,CZ 14,D B,;,CA_SCE_D_14_B,CZ 14,ok
,Electric,SCE -- Southern California Edison,14 - Standard,CARE,1,CZ 14,D CARE,;,CA_SCE_14_D_CARE,CZ 14,ok
,Electric,SCE -- Southern California Edison,15 - Electric,Standard,1,CZ 15,D All Elec,;,CA_SCE_D_15_E,CZ 15,ok
,Electric,SCE -- Southern California Edison,15 - Electric,CARE,1,CZ 15,D CARE,;,CA_SCE_15_D_CARE,CZ 15,ok
,Electric,SCE -- Southern California Edison,15 - Standard,Standard,1,CZ 15,D B,;,CA_SCE_D_15_B,CZ 15,ok
,Electric,SCE -- Southern California Edison,15 - Standard,CARE,1,CZ 15,D CARE,;,CA_SCE_15_D_CARE,CZ 15,ok
,Electric,SCE -- Southern California Edison,16 - Electric,Standard,1,CZ 16,D All Elec,;,CA_SCE_D_16_E,CZ 16,ok
,Electric,SCE -- Southern California Edison,16 - Electric,CARE,1,CZ 16,D CARE,;,CA_SCE_16_D_CARE,CZ 16,ok
,Electric,SCE -- Southern California Edison,16 - Standard,Standard,1,CZ 16,D B,;,CA_SCE_D_16_B,CZ 16,ok
,Electric,SCE -- Southern California Edison,16 - Standard,CARE,1,CZ 16,D CARE,;,CA_SCE_16_D_CARE,CZ 16,ok
,Electric,SDG&E -- San Diego Gas and Electric Company,Coastal - Electric,Standard,1,Coastal (1),DR 1 E,;,CA_SDGE_DR_1_E,Coastal (1),ok
,Electric,SDG&E -- San Diego Gas and Electric Company,Coastal - Electric,CARE,1,Coastal (1),DR LI 1 B,;,CA_SDGE_DR_LI_1_B,Coastal (1),ok
,Electric,SDG&E -- San Diego Gas and Electric Company,Coastal - Standard,Standard,1,Coastal (1),DR 1 B,;,CA_SDGE_DR_1_B,Coastal (1),ok
,Electric,SDG&E -- San Diego Gas and Electric Company,Coastal - Standard,CARE,1,Coastal (1),DR LI 1 B,;,CA_SDGE_DR_LI_1_B,Coastal (1),ok
,Electric,SDG&E -- San Diego Gas and Electric Company,Desert - Electric,Standard,1,Desert (4),DR 4 E,;,CA_SDGE_DR_4_E,Desert (4),ok
,Electric,SDG&E -- San Diego Gas and Electric Company,Desert - Electric,CARE,1,Desert (4),DR LI 4 B,;,CA_SDGE_DR_LI_4_B,Desert (4),ok
,Electric,SDG&E -- San Diego Gas and Electric Company,Desert - Standard,Standard,1,Desert (4),DR 4 B,;,CA_SDGE_DR_4_B,Desert (4),ok
,Electric,SDG&E -- San Diego Gas and Electric Company,Desert - Standard,CARE,1,Desert (4),DR LI 4 B,;,CA_SDGE_DR_LI_4_B,Desert (4),ok
,Electric,SDG&E -- San Diego Gas and Electric Company,Inland - Electric,Standard,1,Inland (2),DR 2 E,;,CA_SDGE_DR_2_E,Inland (2),ok
,Electric,SDG&E -- San Diego Gas and Electric Company,Inland - Electric,CARE,1,Inland (2),DR LI 2 B,;,CA_SDGE_DR_LI_2_B,Inland (2),ok
,Electric,SDG&E -- San Diego Gas and Electric Company,Inland - Standard,Standard,1,Inland (2),DR 2 B,;,CA_SDGE_DR_2_B,Inland (2),ok
,Electric,SDG&E -- San Diego Gas and Electric Company,Inland - Standard,CARE,1,Inland (2),DR LI 2 B,;,CA_SDGE_DR_LI_2_B,Inland (2),ok
,Electric,SDG&E -- San Diego Gas and Electric Company,Mountain - Electric,Standard,1,Mountain (3),DR 3 E,;,CA_SDGE_DR_3_E,Mountain (3),ok
,Electric,SDG&E -- San Diego Gas and Electric Company,Mountain - Electric,CARE,1,Mountain (3),DR LI 3 B,;,CA_SDGE_DR_LI_3_B,Mountain (3),ok
,Electric,SDG&E -- San Diego Gas and Electric Company,Mountain - Standard,Standard,1,Mountain (3),DR 3 B,;,CA_SDGE_DR_3_B,Mountain (3),ok
,Electric,SDG&E -- San Diego Gas and Electric Company,Mountain - Standard,CARE,1,Mountain (3),DR LI 3 B,;,CA_SDGE_DR_LI_3_B,Mountain (3),ok
,Electric,SFPUC -- CleanPowerSF,All - Electric,Standard,1,All,RS,;,CA_SAN_FRANCISCO_WPS_RS,All,ok
,Electric,SFPUC -- CleanPowerSF,All - Electric,CARE,1,All,RS CARE,;,CA_SAN_FRANCISCO_WPS_RS_CARE,All,ok
,Electric,Shelter -- Shelter Cove Resort Improvement District,All - Electric,Standard,1,All,RS,;,CA_SHELTER_COVE_IMPROVEMENT_DISTRICT_RS,All,ok
,Electric,Silicon -- Silicon Valley Power,All - Electric,Standard,1,All,D1,;,CA_SVP_D1,All,ok
,Electric,Silicon -- Silicon Valley Power,All - Electric,CARE,1,All,D1 CARE,;,CA_SVP_D1_CARE,All,ok
,Electric,Shasta -- City of Shasta Lake,All - Standard,Standard,1,All,RS,;,CA_SHASTALAKE_2680,All,ok
,Electric,Shasta -- City of Shasta Lake,All - Standard,CARE,1,All,RS LIFELINE,;,CA_SHASTALAKE_RS_LIFELINE,All,ok
,Electric,SMUD -- Sacramento Municipal Utility District,All - Electric,Standard,1,All,RES FIXED,;,CA_SMUD_RES_FIXED,All,ok
,Electric,SMUD -- Sacramento Municipal Utility District,All - Electric,CARE,1,All,RES FIXED EAPR 50FPL,;,CA_SMUD_RES_FIXED_EAPR_50FPL,All,ok
,Electric,SMUD -- Sacramento Municipal Utility District,All - Standard,Standard,1,All,RES FIXED,;,CA_SMUD_RES_FIXED,All,ok
,Electric,SMUD -- Sacramento Municipal Utility District,All - Standard,CARE,1,All,RES FIXED EAPR 50FPL,;,CA_SMUD_RES_FIXED_EAPR_50FPL,All,ok
,Electric,SVEC -- Surprise Valley Electrification Corporation,All - Standard,Standard,1,All,D,;,CA_SUPRISE_VALLEY_D,All,ok
,Electric,TDPUD -- Truckee Donner Public Utility District,All - Standard,Standard,1,All,P10,;,CA_TDPUD_P10,All,ok
,Electric,TID -- Turlock Irrigation District,All - Standard,Standard,1,All,DE,;,CA_TURLOCK_IRRIGATION_DE,All,ok
,Electric,TID -- Turlock Irrigation District,All - Standard,CARE,1,All,DE EAP,;,CA_TURLOCK_IRRIGATION_DE_EAP,All,ok
,Electric,TID -- Turlock Irrigation District,All - Standard,Standard,1,All,DE,;,CA_TURLOCK_IRRIGATION_DE,All,ok
,Electric,TID -- Turlock Irrigation District,All - Standard,CARE,1,All,DE EAP,;,CA_TURLOCK_IRRIGATION_DE_EAP,All,ok
,Electric,Trinity -- Trinity Public Utilities District,Zone A - Standard,Standard,1,Zone A,P R S A 1,;,CA_TRINITY_PUD_GEO_ZONE_A_P_R_S_A_1,Zone A,ok
,Electric,Trinity -- Trinity Public Utilities District,Zone B - Standard,Standard,1,Zone B,P R S A,;,CA_TRINITY_PUD_GEO_ZONE_B_P_R_S_A,Zone B,ok
,Electric,Ukiah -- Ukiah Municipal Utility District,All - Electric,Standard,1,All,R,;,CA_UKIAH_R,All,ok
,Electric,Ukiah -- Ukiah Municipal Utility District,All - Electric,CARE,1,All,R CARES 30,;,CA_UKIAH_R_CARES_30,All,ok
,Electric,Ukiah -- Ukiah Municipal Utility District,All - Standard,Standard,1,All,R,;,CA_UKIAH_R,All,ok
,Electric,Ukiah -- Ukiah Municipal Utility District,All - Standard,CARE,1,All,R CARES 30,;,CA_UKIAH_R_CARES_30,All,ok
;,,,,,,,,,,,
,Gas,Long Beach -- Long Beach Energy Resources,All - All Uses,Standard,1,All,Sch1 SFam BasicPlusSpaceHtg,;,LBER_Sch1_SingleFamily_BasicPlusSpaceHeating,All,ok
,Gas,Long Beach -- Long Beach Energy Resources,All - All Uses,CARE,1,All,Sch1 SFam BasicPlusSpaceHtg LI,;,LBER_Sch1_SingleFamily_BasicPlusSpaceHeating_LI,All,ok
,Gas,Palo Alto -- Palo Alto Utilities Department,All - Standard,Standard,1,All,G1 RESIDENTIAL,;,CPAU_GAS_G1_RESIDENTIAL,All,ok
,Gas,Palo Alto -- Palo Alto Utilities Department,All - Standard,CARE,1,All,G1 RESIDENTIAL RAP,;,CPAU_GAS_G1_RESIDENTIAL_RAP,All,ok
,Gas,PG&E -- Pacific Gas and Electric Company,P - Standard,Standard,1,P,RES G1,;,CA_PGE_P_RES_GAS_G1,P,ok
,Gas,PG&E -- Pacific Gas and Electric Company,P - Standard,CARE,1,P,RES G1,;,CA_PGE_P_RES_GAS_G1,P,ok
,Gas,PG&E -- Pacific Gas and Electric Company,Q - Standard,Standard,1,Q,RES G1,;,CA_PGE_Q_RES_GAS_G1,Q,ok
,Gas,PG&E -- Pacific Gas and Electric Company,Q - Standard,CARE,1,Q,RES G1,;,CA_PGE_Q_RES_GAS_G1,Q,ok
,Gas,PG&E -- Pacific Gas and Electric Company,R - Standard,Standard,1,R,RES G1,;,CA_PGE_R_RES_GAS_G1,R,ok
,Gas,PG&E -- Pacific Gas and Electric Company,R - Standard,CARE,1,R,RES G1,;,CA_PGE_R_RES_GAS_G1,R,ok
,Gas,PG&E -- Pacific Gas and Electric Company,S - Standard,Standard,1,S,RES G1,;,CA_PGE_S_RES_GAS_G1,S,ok
,Gas,PG&E -- Pacific Gas and Electric Company,S - Standard,CARE,1,S,RES G1,;,CA_PGE_S_RES_GAS_G1,S,ok
,Gas,PG&E -- Pacific Gas and Electric Company,T - Standard,Standard,1,T,RES G1,;,CA_PGE_T_RES_GAS_G1,T,ok
,Gas,PG&E -- Pacific Gas and Electric Company,T - Standard,CARE,1,T,RES G1,;,CA_PGE_T_RES_GAS_G1,T,ok
,Gas,PG&E -- Pacific Gas and Electric Company,V - Standard,Standard,1,V,RES G1,;,CA_PGE_V_RES_GAS_G1,V,ok
,Gas,PG&E -- Pacific Gas and Electric Company,V - Standard,CARE,1,V,RES G1,;,CA_PGE_V_RES_GAS_G1,V,ok
,Gas,PG&E -- Pacific Gas and Electric Company,W - Standard,Standard,1,W,RES G1,;,CA_PGE_W_RES_GAS_G1,W,ok
,Gas,PG&E -- Pacific Gas and Electric Company,W - Standard,CARE,1,W,RES G1,;,CA_PGE_W_RES_GAS_G1,W,ok
,Gas,PG&E -- Pacific Gas and Electric Company,X - Standard,Standard,1,X,RES G1,;,CA_PGE_X_RES_GAS_G1,X,ok
,Gas,PG&E -- Pacific Gas and Electric Company,X - Standard,CARE,1,X,RES G1,;,CA_PGE_X_RES_GAS_G1,X,ok
,Gas,PG&E -- Pacific Gas and Electric Company,Y - Standard,Standard,1,Y/Z,RES G1,;,CA_PGE_Y_RES_GAS_G1,Y/Z,ok
,Gas,PG&E -- Pacific Gas and Electric Company,Y - Standard,CARE,1,Y/Z,RES G1,;,CA_PGE_Y_RES_GAS_G1,Y/Z,ok
,Gas,PG&E -- Pacific Gas and Electric Company,Z - Standard,Standard,1,Y/Z,RES G1,;,CA_PGE_Y_RES_GAS_G1,Y/Z,ok
,Gas,PG&E -- Pacific Gas and Electric Company,Z - Standard,CARE,1,Y/Z,RES G1,;,CA_PGE_Y_RES_GAS_G1,Y/Z,ok
,Gas,SDG&E -- San Diego Gas and Electric Company,Coastal - Standard,Standard,1,All,GR,;,SDGE_GR,All,ok
,Gas,SDG&E -- San Diego Gas and Electric Company,Coastal - Standard,CARE,1,All,GR CARE,;,SDGE_GR_CARE,All,ok
,Gas,SDG&E -- San Diego Gas and Electric Company,Inland - Standard,Standard,1,All,GR,;,SDGE_GR,All,ok
,Gas,SDG&E -- San Diego Gas and Electric Company,Inland - Standard,CARE,1,All,GR CARE,;,SDGE_GR_CARE,All,ok
,Gas,SDG&E -- San Diego Gas and Electric Company,Mountain - Standard,Standard,1,All,GR,;,SDGE_GR,All,ok
,Gas,SDG&E -- San Diego Gas and Electric Company,Mountain - Standard,CARE,1,All,GR CARE,;,SDGE_GR_CARE,All,ok
,Gas,SDG&E -- San Diego Gas and Electric Company,Desert - Standard,Standard,1,All,GR,;,SDGE_GR,All,ok
,Gas,SDG&E -- San Diego Gas and Electric Company,Desert - Standard,CARE,1,All,GR CARE,;,SDGE_GR_CARE,All,ok
,Gas,SoCalGas -- Southern California Gas Company,1 - Heat,Standard,1,CZ 1,GR MFam SpaceHtgOnly,;,SCG_GR_MultiFamily_CZ1_SpaceHeatingOnly,CZ 1,ok
,Gas,SoCalGas -- Southern California Gas Company,1 - Heat,CARE,1,CZ 1,GR MFam SpaceHtgOnly CARE,;,SCG_GR_MultiFamily_CZ1_SpaceHeatingOnly_CARE,CZ 1,ok
,Gas,SoCalGas -- Southern California Gas Company,2 - Heat,Standard,1,CZ 2,GR MFam SpaceHtgOnly,;,SCG_GR_MultiFamily_CZ2_SpaceHeatingOnly,CZ 2,ok
,Gas,SoCalGas -- Southern California Gas Company,2 - Heat,CARE,1,CZ 2,GR MFam SpaceHtgOnly CARE,;,SCG_GR_MultiFamily_CZ2_SpaceHeatingOnly_CARE,CZ 2,ok
,Gas,SoCalGas -- Southern California Gas Company,3 - Heat,Standard,1,CZ 3,GR MFam SpaceHtgOnly,;,SCG_GR_MultiFamily_CZ3_SpaceHeatingOnly,CZ 3,ok
,Gas,SoCalGas -- Southern California Gas Company,3 - Heat,CARE,1,CZ 3,GR MFam SpaceHtgOnly CARE,;,SCG_GR_MultiFamily_CZ3_SpaceHeatingOnly_CARE,CZ 3,ok
,Gas,SoCalGas -- Southern California Gas Company,1 - DHW & Heat,Standard,1,CZ 1,GR MFam WaterHtgAndSpaceHtg,;,SCG_GR_MultiFamily_CZ1_WaterHeatingAndSpaceHeating,CZ 1,ok
,Gas,SoCalGas -- Southern California Gas Company,1 - DHW & Heat,CARE,1,CZ 1,GR MFam WaterHtgAndSpaceHtg CARE,;,SCG_GR_MultiFamily_CZ1_WaterHeatingAndSpaceHeating_CARE,CZ 1,ok
,Gas,SoCalGas -- Southern California Gas Company,2 - DHW & Heat,Standard,1,CZ 2,GR MFam WaterHtgAndSpaceHtg,;,SCG_GR_MultiFamily_CZ2_WaterHeatingAndSpaceHeating,CZ 2,ok
,Gas,SoCalGas -- Southern California Gas Company,2 - DHW & Heat,CARE,1,CZ 2,GR MFam WaterHtgAndSpaceHtg CARE,;,SCG_GR_MultiFamily_CZ2_WaterHeatingAndSpaceHeating_CARE,CZ 2,ok
,Gas,SoCalGas -- Southern California Gas Company,3 - DHW & Heat,Standard,1,CZ 3,GR MFam WaterHtgAndSpaceHtg,;,SCG_GR_MultiFamily_CZ3_WaterHeatingAndSpaceHeating,CZ 3,ok
,Gas,SoCalGas -- Southern California Gas Company,3 - DHW & Heat,CARE,1,CZ 3,GR MFam WaterHtgAndSpaceHtg CARE,;,SCG_GR_MultiFamily_CZ3_WaterHeatingAndSpaceHeating_CARE,CZ 3,ok
,Gas,SoCalGas -- Southern California Gas Company,1 - Cook & Heat,Standard,1,CZ 1,GR MFam CookingAndSpaceHtg,;,SCG_GR_MultiFamily_CZ1_CookingAndSpaceHeating,CZ 1,ok
,Gas,SoCalGas -- Southern California Gas Company,1 - Cook & Heat,CARE,1,CZ 1,GR MFam CookingAndSpaceHtg CARE,;,SCG_GR_MultiFamily_CZ1_CookingAndSpaceHeating_CARE,CZ 1,ok
,Gas,SoCalGas -- Southern California Gas Company,2 - Cook & Heat,Standard,1,CZ 2,GR MFam CookingAndSpaceHtg,;,SCG_GR_MultiFamily_CZ2_CookingAndSpaceHeating,CZ 2,ok
,Gas,SoCalGas -- Southern California Gas Company,2 - Cook & Heat,CARE,1,CZ 2,GR MFam CookingAndSpaceHtg CARE,;,SCG_GR_MultiFamily_CZ2_CookingAndSpaceHeating_CARE,CZ 2,ok
,Gas,SoCalGas -- Southern California Gas Company,3 - Cook & Heat,Standard,1,CZ 3,GR MFam CookingAndSpaceHtg,;,SCG_GR_MultiFamily_CZ3_CookingAndSpaceHeating,CZ 3,ok
,Gas,SoCalGas -- Southern California Gas Company,3 - Cook & Heat,CARE,1,CZ 3,GR MFam CookingAndSpaceHtg CARE,;,SCG_GR_MultiFamily_CZ3_CookingAndSpaceHeating_CARE,CZ 3,ok
,Gas,SoCalGas -- Southern California Gas Company,1 - Cook & DHW & Heat,Standard,1,CZ 1,GR MFam CookingWaterHtgAndSpaceHtg,;,SCG_GR_MultiFamily_CZ1_CookingWaterHeatingAndSpaceHeating,CZ 1,ok
,Gas,SoCalGas -- Southern California Gas Company,1 - Cook & DHW & Heat,CARE,1,CZ 1,GR MFam CookingWaterHtgAndSpaceHtg CARE,;,SCG_GR_MultiFamily_CZ1_CookingWaterHeatingAndSpaceHeating_CARE,CZ 1,ok
,Gas,SoCalGas -- Southern California Gas Company,2 - Cook & DHW & Heat,Standard,1,CZ 2,GR MFam CookingWaterHtgAndSpaceHtg,;,SCG_GR_MultiFamily_CZ2_CookingWaterHeatingAndSpaceHeating,CZ 2,ok
,Gas,SoCalGas -- Southern California Gas Company,2 - Cook & DHW & Heat,CARE,1,CZ 2,GR MFam CookingWaterHtgAndSpaceHtg CARE,;,SCG_GR_MultiFamily_CZ2_CookingWaterHeatingAndSpaceHeating_CARE,CZ 2,ok
,Gas,SoCalGas -- Southern California Gas Company,3 - Cook & DHW & Heat,Standard,1,CZ 3,GR MFam CookingWaterHtgAndSpaceHtg,;,SCG_GR_MultiFamily_CZ3_CookingWaterHeatingAndSpaceHeating,CZ 3,ok
,Gas,SoCalGas -- Southern California Gas Company,3 - Cook & DHW & Heat,CARE,1,CZ 3,GR MFam CookingWaterHtgAndSpaceHtg CARE,;,SCG_GR_MultiFamily_CZ3_CookingWaterHeatingAndSpaceHeating_CARE,CZ 3,ok
,Gas,SoCalGas -- Southern California Gas Company,1 - Cook & DHW,Standard,1,CZ 1,GR MFam WaterHtgAndCooking,;,SCG_GR_MultiFamily_CZ1_WaterHeatingAndCooking,CZ 1,ok
,Gas,SoCalGas -- Southern California Gas Company,1 - Cook & DHW,CARE,1,CZ 1,GR MFam WaterHtgAndCooking CARE,;,SCG_GR_MultiFamily_CZ1_WaterHeatingAndCooking_CARE,CZ 1,ok
,Gas,SoCalGas -- Southern California Gas Company,2 - Cook & DHW,Standard,1,CZ 2,GR MFam WaterHtgAndCooking,;,SCG_GR_MultiFamily_CZ2_WaterHeatingAndCooking,CZ 2,ok
,Gas,SoCalGas -- Southern California Gas Company,2 - Cook & DHW,CARE,1,CZ 2,GR MFam WaterHtgAndCooking CARE,;,SCG_GR_MultiFamily_CZ2_WaterHeatingAndCooking_CARE,CZ 2,ok
,Gas,SoCalGas -- Southern California Gas Company,3 - Cook & DHW,Standard,1,CZ 3,GR MFam WaterHtgAndCooking,;,SCG_GR_MultiFamily_CZ3_WaterHeatingAndCooking,CZ 3,ok
,Gas,SoCalGas -- Southern California Gas Company,3 - Cook & DHW,CARE,1,CZ 3,GR MFam WaterHtgAndCooking CARE,;,SCG_GR_MultiFamily_CZ3_WaterHeatingAndCooking_CARE,CZ 3,ok
,Gas,SoCalGas -- Southern California Gas Company,1 - DHW,Standard,1,CZ 1,GR MFam WaterHtgOnly,;,SCG_GR_MultiFamily_CZ1_WaterHeatingOnly,CZ 1,ok
,Gas,SoCalGas -- Southern California Gas Company,1 - DHW,CARE,1,CZ 1,GR MFam WaterHtgOnly CARE,;,SCG_GR_MultiFamily_CZ1_WaterHeatingOnly_CARE,CZ 1,ok
,Gas,SoCalGas -- Southern California Gas Company,2 - DHW,Standard,1,CZ 2,GR MFam WaterHtgOnly,;,SCG_GR_MultiFamily_CZ2_WaterHeatingOnly,CZ 2,ok
,Gas,SoCalGas -- Southern California Gas Company,2 - DHW,CARE,1,CZ 2,GR MFam WaterHtgOnly CARE,;,SCG_GR_MultiFamily_CZ2_WaterHeatingOnly_CARE,CZ 2,ok
,Gas,SoCalGas -- Southern California Gas Company,3 - DHW,Standard,1,CZ 3,GR MFam WaterHtgOnly,;,SCG_GR_MultiFamily_CZ3_WaterHeatingOnly,CZ 3,ok
,Gas,SoCalGas -- Southern California Gas Company,3 - DHW,CARE,1,CZ 3,GR MFam WaterHtgOnly CARE,;,SCG_GR_MultiFamily_CZ3_WaterHeatingOnly_CARE,CZ 3,ok
,Gas,SoCalGas -- Southern California Gas Company,1 - Cook,Standard,1,CZ 1,GR MFam CookingOnly,;,SCG_GR_MultiFamily_CZ1_CookingOnly,CZ 1,ok
,Gas,SoCalGas -- Southern California Gas Company,1 - Cook,CARE,1,CZ 1,GR MFam CookingOnly CARE,;,SCG_GR_MultiFamily_CZ1_CookingOnly_CARE,CZ 1,ok
,Gas,SoCalGas -- Southern California Gas Company,2 - Cook,Standard,1,CZ 2,GR MFam CookingOnly,;,SCG_GR_MultiFamily_CZ2_CookingOnly,CZ 2,ok
,Gas,SoCalGas -- Southern California Gas Company,2 - Cook,CARE,1,CZ 2,GR MFam CookingOnly CARE,;,SCG_GR_MultiFamily_CZ2_CookingOnly_CARE,CZ 2,ok
,Gas,SoCalGas -- Southern California Gas Company,3 - Cook,Standard,1,CZ 3,GR MFam CookingOnly,;,SCG_GR_MultiFamily_CZ3_CookingOnly,CZ 3,ok
,Gas,SoCalGas -- Southern California Gas Company,3 - Cook,CARE,1,CZ 3,GR MFam CookingOnly CARE,;,SCG_GR_MultiFamily_CZ3_CookingOnly_CARE,CZ 3,ok
,Gas,SWG -- Southwest Gas Corporation,Big Bear - All Uses,Standard,1,Big Bear,RES GS10,;,CA_SWG_BIGBEAR_RES_GAS_GS10,Big Bear,ok
,Gas,SWG -- Southwest Gas Corporation,Big Bear - All Uses,CARE,1,Big Bear,RES GS12 CARE,;,CA_SWG_BIGBEAR_RES_GAS_GS12_CARE,Big Bear,ok
,Gas,SWG -- Southwest Gas Corporation,North Lake Tahoe - All Uses,Standard,1,North Lake Tahoe,RES GN10,;,CA_SWG_N_LAKE_TAHOE_RES_GAS_GN10,North Lake Tahoe,ok
,Gas,SWG -- Southwest Gas Corporation,North Lake Tahoe - All Uses,CARE,1,North Lake Tahoe,RES GN12 CARE,;,CA_SWG_N_LAKE_TAHOE_RES_GAS_GN12_CARE,North Lake Tahoe,ok
,Gas,SWG -- Southwest Gas Corporation,Truckee - All Uses,Standard,1,Truckee,RES GN10,;,CA_SWG_TRUCKEE_RES_GAS_GN10,Truckee,ok
,Gas,SWG -- Southwest Gas Corporation,Truckee - All Uses,CARE,1,Truckee,RES GN12 CARE,;,CA_SWG_TRUCKEE_RES_GAS_GN12_CARE,Truckee,ok
,Gas,SWG -- Southwest Gas Corporation,South Lake Tahoe - All Uses,Standard,1,South Lake Tahoe,RES SLT10,;,CA_SWG_S_LAKE_TAHOE_RES_GAS_SLT10,South Lake Tahoe,ok
,Gas,SWG -- Southwest Gas Corporation,South Lake Tahoe - All Uses,CARE,1,South Lake Tahoe,RES SLT12 CARE,;,CA_SWG_S_LAKE_TAHOE_RES_GAS_SLT12_CARE,South Lake Tahoe,ok
,Gas,SWG -- Southwest Gas Corporation,Barstow - All Uses,Standard,1,Barstow,RES GS10,;,CA_SWG_BARSTOW_RES_GAS_GS10,Barstow,ok
,Gas,SWG -- Southwest Gas Corporation,Barstow - All Uses,CARE,1,Barstow,RES GS12 CARE,;,CA_SWG_BARSTOW_RES_GAS_GS12_CARE,Barstow,ok
,Gas,SWG -- Southwest Gas Corporation,Needles - All Uses,Standard,1,Needles,RES GS10,;,CA_SWG_NEEDLES_RES_GAS_GS10,Needles,ok
,Gas,SWG -- Southwest Gas Corporation,Needles - All Uses,CARE,1,Needles,RES GS12 CARE,;,CA_SWG_NEEDLES_RES_GAS_GS12_CARE,Needles,ok
,Gas,SWG -- Southwest Gas Corporation,Victorville - All Uses,Standard,1,Victorville,RES GS10,;,CA_SWG_VICTORVILLE_RES_GAS_GS10,Victorville,ok
,Gas,SWG -- Southwest Gas Corporation,Victorville - All Uses,CARE,1,Victorville,RES GS12 CARE,;,CA_SWG_VICTORVILLE_RES_GAS_GS12_CARE,Victorville,ok
;,,,,,,,,,,,
,*,*,*,*,0,xxx,xxx,;,,,
ENDTABLE,,,,,,,,,,,
